#Scenario,Key,Factor,BaseValue,ShiftSize
parallel_rates,DiscountCurve/EUR/0,DiscountCurve/EUR/0/2W,0.00879780,0.00010000
parallel_rates,DiscountCurve/EUR/1,DiscountCurve/EUR/1/1M,0.00834247,0.00010000
parallel_rates,DiscountCurve/EUR/2,DiscountCurve/EUR/2/3M,0.00770493,0.00010000
parallel_rates,DiscountCurve/EUR/3,DiscountCurve/EUR/3/6M,0.00740102,0.00010000
parallel_rates,DiscountCurve/EUR/4,DiscountCurve/EUR/4/9M,0.00695061,0.00010000
parallel_rates,DiscountCurve/EUR/5,DiscountCurve/EUR/5/1Y,0.00683857,0.00010000
parallel_rates,DiscountCurve/EUR/6,DiscountCurve/EUR/6/2Y,0.00649851,0.00010000
parallel_rates,DiscountCurve/EUR/7,DiscountCurve/EUR/7/3Y,0.00685935,0.00010000
parallel_rates,DiscountCurve/EUR/8,DiscountCurve/EUR/8/4Y,0.00747483,0.00010000
parallel_rates,DiscountCurve/EUR/9,DiscountCurve/EUR/9/5Y,0.00821975,0.00010000
parallel_rates,DiscountCurve/EUR/10,DiscountCurve/EUR/10/7Y,0.01050308,0.00010000
parallel_rates,DiscountCurve/EUR/11,DiscountCurve/EUR/11/10Y,0.01398599,0.00010000
parallel_rates,DiscountCurve/EUR/12,DiscountCurve/EUR/12/15Y,0.01765767,0.00010000
parallel_rates,DiscountCurve/EUR/13,DiscountCurve/EUR/13/20Y,0.01930009,0.00010000
parallel_rates,DiscountCurve/EUR/14,DiscountCurve/EUR/14/25Y,0.01983192,0.00010000
parallel_rates,DiscountCurve/EUR/15,DiscountCurve/EUR/15/30Y,0.02010060,0.00010000
parallel_rates,DiscountCurve/GBP/0,DiscountCurve/GBP/0/2W,0.01728374,0.00010000
parallel_rates,DiscountCurve/GBP/1,DiscountCurve/GBP/1/1M,0.01728374,0.00010000
parallel_rates,DiscountCurve/GBP/2,DiscountCurve/GBP/2/3M,0.01728374,0.00010000
parallel_rates,DiscountCurve/GBP/3,DiscountCurve/GBP/3/6M,0.01709485,0.00010000
parallel_rates,DiscountCurve/GBP/4,DiscountCurve/GBP/4/9M,0.01678567,0.00010000
parallel_rates,DiscountCurve/GBP/5,DiscountCurve/GBP/5/1Y,0.01693542,0.00010000
parallel_rates,DiscountCurve/GBP/6,DiscountCurve/GBP/6/2Y,0.01277146,0.00010000
parallel_rates,DiscountCurve/GBP/7,DiscountCurve/GBP/7/3Y,0.01289487,0.00010000
parallel_rates,DiscountCurve/GBP/8,DiscountCurve/GBP/8/4Y,0.01325591,0.00010000
parallel_rates,DiscountCurve/GBP/9,DiscountCurve/GBP/9/5Y,0.01392221,0.00010000
parallel_rates,DiscountCurve/GBP/10,DiscountCurve/GBP/10/7Y,0.01594424,0.00010000
parallel_rates,DiscountCurve/GBP/11,DiscountCurve/GBP/11/10Y,0.01925481,0.00010000
parallel_rates,DiscountCurve/GBP/12,DiscountCurve/GBP/12/15Y,0.02230856,0.00010000
parallel_rates,DiscountCurve/GBP/13,DiscountCurve/GBP/13/20Y,0.02442100,0.00010000
parallel_rates,DiscountCurve/GBP/14,DiscountCurve/GBP/14/25Y,0.02449478,0.00010000
parallel_rates,DiscountCurve/GBP/15,DiscountCurve/GBP/15/30Y,0.02454065,0.00010000
parallel_rates,DiscountCurve/USD/0,DiscountCurve/USD/0/2W,0.01847740,0.00010000
parallel_rates,DiscountCurve/USD/1,DiscountCurve/USD/1/1M,0.01847740,0.00010000
parallel_rates,DiscountCurve/USD/2,DiscountCurve/USD/2/3M,0.01847740,0.00010000
parallel_rates,DiscountCurve/USD/3,DiscountCurve/USD/3/6M,0.01916754,0.00010000
parallel_rates,DiscountCurve/USD/4,DiscountCurve/USD/4/9M,0.01935557,0.00010000
parallel_rates,DiscountCurve/USD/5,DiscountCurve/USD/5/1Y,0.01990207,0.00010000
parallel_rates,DiscountCurve/USD/6,DiscountCurve/USD/6/2Y,0.02321965,0.00010000
parallel_rates,DiscountCurve/USD/7,DiscountCurve/USD/7/3Y,0.02469827,0.00010000
parallel_rates,DiscountCurve/USD/8,DiscountCurve/USD/8/4Y,0.02609971,0.00010000
parallel_rates,DiscountCurve/USD/9,DiscountCurve/USD/9/5Y,0.02712428,0.00010000
parallel_rates,DiscountCurve/USD/10,DiscountCurve/USD/10/7Y,0.02946714,0.00010000
parallel_rates,DiscountCurve/USD/11,DiscountCurve/USD/11/10Y,0.03167219,0.00010000
parallel_rates,DiscountCurve/USD/12,DiscountCurve/USD/12/15Y,0.03364750,0.00010000
parallel_rates,DiscountCurve/USD/13,DiscountCurve/USD/13/20Y,0.03480878,0.00010000
parallel_rates,DiscountCurve/USD/14,DiscountCurve/USD/14/25Y,0.03537836,0.00010000
parallel_rates,DiscountCurve/USD/15,DiscountCurve/USD/15/30Y,0.03575750,0.00010000
parallel_rates,IndexCurve/EUR-EONIA/0,IndexCurve/EUR-EONIA/0/2W,0.00879780,0.00010000
parallel_rates,IndexCurve/EUR-EONIA/1,IndexCurve/EUR-EONIA/1/1M,0.00834247,0.00010000
parallel_rates,IndexCurve/EUR-EONIA/2,IndexCurve/EUR-EONIA/2/3M,0.00770493,0.00010000
parallel_rates,IndexCurve/EUR-EONIA/3,IndexCurve/EUR-EONIA/3/6M,0.00740102,0.00010000
parallel_rates,IndexCurve/EUR-EONIA/4,IndexCurve/EUR-EONIA/4/9M,0.00695061,0.00010000
parallel_rates,IndexCurve/EUR-EONIA/5,IndexCurve/EUR-EONIA/5/1Y,0.00683857,0.00010000
parallel_rates,IndexCurve/EUR-EONIA/6,IndexCurve/EUR-EONIA/6/2Y,0.00649851,0.00010000
parallel_rates,IndexCurve/EUR-EONIA/7,IndexCurve/EUR-EONIA/7/3Y,0.00685935,0.00010000
parallel_rates,IndexCurve/EUR-EONIA/8,IndexCurve/EUR-EONIA/8/4Y,0.00747483,0.00010000
parallel_rates,IndexCurve/EUR-EONIA/9,IndexCurve/EUR-EONIA/9/5Y,0.00821975,0.00010000
parallel_rates,IndexCurve/EUR-EONIA/10,IndexCurve/EUR-EONIA/10/7Y,0.01050308,0.00010000
parallel_rates,IndexCurve/EUR-EONIA/11,IndexCurve/EUR-EONIA/11/10Y,0.01398599,0.00010000
parallel_rates,IndexCurve/EUR-EONIA/12,IndexCurve/EUR-EONIA/12/15Y,0.01765767,0.00010000
parallel_rates,IndexCurve/EUR-EONIA/13,IndexCurve/EUR-EONIA/13/20Y,0.01930009,0.00010000
parallel_rates,IndexCurve/EUR-EONIA/14,IndexCurve/EUR-EONIA/14/25Y,0.01983192,0.00010000
parallel_rates,IndexCurve/EUR-EONIA/15,IndexCurve/EUR-EONIA/15/30Y,0.02010060,0.00010000
parallel_rates,IndexCurve/EUR-EURIBOR-1M/0,IndexCurve/EUR-EURIBOR-1M/0/2W,-0.00050673,0.00010000
parallel_rates,IndexCurve/EUR-EURIBOR-1M/1,IndexCurve/EUR-EURIBOR-1M/1/1M,-0.00039865,0.00010000
parallel_rates,IndexCurve/EUR-EURIBOR-1M/2,IndexCurve/EUR-EURIBOR-1M/2/3M,-0.00015440,0.00010000
parallel_rates,IndexCurve/EUR-EURIBOR-1M/3,IndexCurve/EUR-EURIBOR-1M/3/6M,-0.00095888,0.00010000
parallel_rates,IndexCurve/EUR-EURIBOR-1M/4,IndexCurve/EUR-EURIBOR-1M/4/9M,-0.00129879,0.00010000
parallel_rates,IndexCurve/EUR-EURIBOR-1M/5,IndexCurve/EUR-EURIBOR-1M/5/1Y,-0.00152015,0.00010000
parallel_rates,IndexCurve/EUR-EURIBOR-1M/6,IndexCurve/EUR-EURIBOR-1M/6/2Y,-0.00179949,0.00010000
parallel_rates,IndexCurve/EUR-EURIBOR-1M/7,IndexCurve/EUR-EURIBOR-1M/7/3Y,-0.00147074,0.00010000
parallel_rates,IndexCurve/EUR-EURIBOR-1M/8,IndexCurve/EUR-EURIBOR-1M/8/4Y,-0.00079174,0.00010000
parallel_rates,IndexCurve/EUR-EURIBOR-1M/9,IndexCurve/EUR-EURIBOR-1M/9/5Y,0.00008897,0.00010000
parallel_rates,IndexCurve/EUR-EURIBOR-1M/10,IndexCurve/EUR-EURIBOR-1M/10/7Y,0.00221862,0.00010000
parallel_rates,IndexCurve/EUR-EURIBOR-1M/11,IndexCurve/EUR-EURIBOR-1M/11/10Y,0.00572860,0.00010000
parallel_rates,IndexCurve/EUR-EURIBOR-1M/12,IndexCurve/EUR-EURIBOR-1M/12/15Y,0.00938779,0.00010000
parallel_rates,IndexCurve/EUR-EURIBOR-1M/13,IndexCurve/EUR-EURIBOR-1M/13/20Y,0.01062757,0.00010000
parallel_rates,IndexCurve/EUR-EURIBOR-1M/14,IndexCurve/EUR-EURIBOR-1M/14/25Y,0.01120019,0.00010000
parallel_rates,IndexCurve/EUR-EURIBOR-1M/15,IndexCurve/EUR-EURIBOR-1M/15/30Y,0.01108177,0.00010000
parallel_rates,IndexCurve/EUR-EURIBOR-3M/0,IndexCurve/EUR-EURIBOR-3M/0/2W,0.00949327,0.00010000
parallel_rates,IndexCurve/EUR-EURIBOR-3M/1,IndexCurve/EUR-EURIBOR-3M/1/1M,0.00960135,0.00010000
parallel_rates,IndexCurve/EUR-EURIBOR-3M/2,IndexCurve/EUR-EURIBOR-3M/2/3M,0.00984560,0.00010000
parallel_rates,IndexCurve/EUR-EURIBOR-3M/3,IndexCurve/EUR-EURIBOR-3M/3/6M,0.00904112,0.00010000
parallel_rates,IndexCurve/EUR-EURIBOR-3M/4,IndexCurve/EUR-EURIBOR-3M/4/9M,0.00870121,0.00010000
parallel_rates,IndexCurve/EUR-EURIBOR-3M/5,IndexCurve/EUR-EURIBOR-3M/5/1Y,0.00847985,0.00010000
parallel_rates,IndexCurve/EUR-EURIBOR-3M/6,IndexCurve/EUR-EURIBOR-3M/6/2Y,0.00820051,0.00010000
parallel_rates,IndexCurve/EUR-EURIBOR-3M/7,IndexCurve/EUR-EURIBOR-3M/7/3Y,0.00852926,0.00010000
parallel_rates,IndexCurve/EUR-EURIBOR-3M/8,IndexCurve/EUR-EURIBOR-3M/8/4Y,0.00920826,0.00010000
parallel_rates,IndexCurve/EUR-EURIBOR-3M/9,IndexCurve/EUR-EURIBOR-3M/9/5Y,0.01008897,0.00010000
parallel_rates,IndexCurve/EUR-EURIBOR-3M/10,IndexCurve/EUR-EURIBOR-3M/10/7Y,0.01221862,0.00010000
parallel_rates,IndexCurve/EUR-EURIBOR-3M/11,IndexCurve/EUR-EURIBOR-3M/11/10Y,0.01572860,0.00010000
parallel_rates,IndexCurve/EUR-EURIBOR-3M/12,IndexCurve/EUR-EURIBOR-3M/12/15Y,0.01938779,0.00010000
parallel_rates,IndexCurve/EUR-EURIBOR-3M/13,IndexCurve/EUR-EURIBOR-3M/13/20Y,0.02062757,0.00010000
parallel_rates,IndexCurve/EUR-EURIBOR-3M/14,IndexCurve/EUR-EURIBOR-3M/14/25Y,0.02120019,0.00010000
parallel_rates,IndexCurve/EUR-EURIBOR-3M/15,IndexCurve/EUR-EURIBOR-3M/15/30Y,0.02108177,0.00010000
parallel_rates,IndexCurve/EUR-EURIBOR-6M/0,IndexCurve/EUR-EURIBOR-6M/0/2W,0.01024940,0.00010000
parallel_rates,IndexCurve/EUR-EURIBOR-6M/1,IndexCurve/EUR-EURIBOR-6M/1/1M,0.01024940,0.00010000
parallel_rates,IndexCurve/EUR-EURIBOR-6M/2,IndexCurve/EUR-EURIBOR-6M/2/3M,0.01024940,0.00010000
parallel_rates,IndexCurve/EUR-EURIBOR-6M/3,IndexCurve/EUR-EURIBOR-6M/3/6M,0.01024940,0.00010000
parallel_rates,IndexCurve/EUR-EURIBOR-6M/4,IndexCurve/EUR-EURIBOR-6M/4/9M,0.00994380,0.00010000
parallel_rates,IndexCurve/EUR-EURIBOR-6M/5,IndexCurve/EUR-EURIBOR-6M/5/1Y,0.00978143,0.00010000
parallel_rates,IndexCurve/EUR-EURIBOR-6M/6,IndexCurve/EUR-EURIBOR-6M/6/2Y,0.00953997,0.00010000
parallel_rates,IndexCurve/EUR-EURIBOR-6M/7,IndexCurve/EUR-EURIBOR-6M/7/3Y,0.00984152,0.00010000
parallel_rates,IndexCurve/EUR-EURIBOR-6M/8,IndexCurve/EUR-EURIBOR-6M/8/4Y,0.01061740,0.00010000
parallel_rates,IndexCurve/EUR-EURIBOR-6M/9,IndexCurve/EUR-EURIBOR-6M/9/5Y,0.01150470,0.00010000
parallel_rates,IndexCurve/EUR-EURIBOR-6M/10,IndexCurve/EUR-EURIBOR-6M/10/7Y,0.01367027,0.00010000
parallel_rates,IndexCurve/EUR-EURIBOR-6M/11,IndexCurve/EUR-EURIBOR-6M/11/10Y,0.01696965,0.00010000
parallel_rates,IndexCurve/EUR-EURIBOR-6M/12,IndexCurve/EUR-EURIBOR-6M/12/15Y,0.02009624,0.00010000
parallel_rates,IndexCurve/EUR-EURIBOR-6M/13,IndexCurve/EUR-EURIBOR-6M/13/20Y,0.02144750,0.00010000
parallel_rates,IndexCurve/EUR-EURIBOR-6M/14,IndexCurve/EUR-EURIBOR-6M/14/25Y,0.02179609,0.00010000
parallel_rates,IndexCurve/EUR-EURIBOR-6M/15,IndexCurve/EUR-EURIBOR-6M/15/30Y,0.02169083,0.00010000
parallel_rates,IndexCurve/GBP-LIBOR-3M/0,IndexCurve/GBP-LIBOR-3M/0/2W,0.01594868,0.00010000
parallel_rates,IndexCurve/GBP-LIBOR-3M/1,IndexCurve/GBP-LIBOR-3M/1/1M,0.01593060,0.00010000
parallel_rates,IndexCurve/GBP-LIBOR-3M/2,IndexCurve/GBP-LIBOR-3M/2/3M,0.01671344,0.00010000
parallel_rates,IndexCurve/GBP-LIBOR-3M/3,IndexCurve/GBP-LIBOR-3M/3/6M,0.01721968,0.00010000
parallel_rates,IndexCurve/GBP-LIBOR-3M/4,IndexCurve/GBP-LIBOR-3M/4/9M,0.01738596,0.00010000
parallel_rates,IndexCurve/GBP-LIBOR-3M/5,IndexCurve/GBP-LIBOR-3M/5/1Y,0.01746865,0.00010000
parallel_rates,IndexCurve/GBP-LIBOR-3M/6,IndexCurve/GBP-LIBOR-3M/6/2Y,0.01714543,0.00010000
parallel_rates,IndexCurve/GBP-LIBOR-3M/7,IndexCurve/GBP-LIBOR-3M/7/3Y,0.01760734,0.00010000
parallel_rates,IndexCurve/GBP-LIBOR-3M/8,IndexCurve/GBP-LIBOR-3M/8/4Y,0.01818656,0.00010000
parallel_rates,IndexCurve/GBP-LIBOR-3M/9,IndexCurve/GBP-LIBOR-3M/9/5Y,0.01911584,0.00010000
parallel_rates,IndexCurve/GBP-LIBOR-3M/10,IndexCurve/GBP-LIBOR-3M/10/7Y,0.02092791,0.00010000
parallel_rates,IndexCurve/GBP-LIBOR-3M/11,IndexCurve/GBP-LIBOR-3M/11/10Y,0.02370110,0.00010000
parallel_rates,IndexCurve/GBP-LIBOR-3M/12,IndexCurve/GBP-LIBOR-3M/12/15Y,0.02586324,0.00010000
parallel_rates,IndexCurve/GBP-LIBOR-3M/13,IndexCurve/GBP-LIBOR-3M/13/20Y,0.02684198,0.00010000
parallel_rates,IndexCurve/GBP-LIBOR-3M/14,IndexCurve/GBP-LIBOR-3M/14/25Y,0.02681569,0.00010000
parallel_rates,IndexCurve/GBP-LIBOR-3M/15,IndexCurve/GBP-LIBOR-3M/15/30Y,0.02679817,0.00010000
parallel_rates,IndexCurve/GBP-LIBOR-6M/0,IndexCurve/GBP-LIBOR-6M/0/2W,0.01594868,0.00010000
parallel_rates,IndexCurve/GBP-LIBOR-6M/1,IndexCurve/GBP-LIBOR-6M/1/1M,0.01593060,0.00010000
parallel_rates,IndexCurve/GBP-LIBOR-6M/2,IndexCurve/GBP-LIBOR-6M/2/3M,0.01671344,0.00010000
parallel_rates,IndexCurve/GBP-LIBOR-6M/3,IndexCurve/GBP-LIBOR-6M/3/6M,0.01892611,0.00010000
parallel_rates,IndexCurve/GBP-LIBOR-6M/4,IndexCurve/GBP-LIBOR-6M/4/9M,0.01779806,0.00010000
parallel_rates,IndexCurve/GBP-LIBOR-6M/5,IndexCurve/GBP-LIBOR-6M/5/1Y,0.01854241,0.00010000
parallel_rates,IndexCurve/GBP-LIBOR-6M/6,IndexCurve/GBP-LIBOR-6M/6/2Y,0.01824794,0.00010000
parallel_rates,IndexCurve/GBP-LIBOR-6M/7,IndexCurve/GBP-LIBOR-6M/7/3Y,0.01866852,0.00010000
parallel_rates,IndexCurve/GBP-LIBOR-6M/8,IndexCurve/GBP-LIBOR-6M/8/4Y,0.01930850,0.00010000
parallel_rates,IndexCurve/GBP-LIBOR-6M/9,IndexCurve/GBP-LIBOR-6M/9/5Y,0.02001204,0.00010000
parallel_rates,IndexCurve/GBP-LIBOR-6M/10,IndexCurve/GBP-LIBOR-6M/10/7Y,0.02198267,0.00010000
parallel_rates,IndexCurve/GBP-LIBOR-6M/11,IndexCurve/GBP-LIBOR-6M/11/10Y,0.02458119,0.00010000
parallel_rates,IndexCurve/GBP-LIBOR-6M/12,IndexCurve/GBP-LIBOR-6M/12/15Y,0.02653995,0.00010000
parallel_rates,IndexCurve/GBP-LIBOR-6M/13,IndexCurve/GBP-LIBOR-6M/13/20Y,0.02718722,0.00010000
parallel_rates,IndexCurve/GBP-LIBOR-6M/14,IndexCurve/GBP-LIBOR-6M/14/25Y,0.02692207,0.00010000
parallel_rates,IndexCurve/GBP-LIBOR-6M/15,IndexCurve/GBP-LIBOR-6M/15/30Y,0.02698584,0.00010000
parallel_rates,IndexCurve/GBP-SONIA/0,IndexCurve/GBP-SONIA/0/2W,0.00567538,0.00010000
parallel_rates,IndexCurve/GBP-SONIA/1,IndexCurve/GBP-SONIA/1/1M,0.00572464,0.00010000
parallel_rates,IndexCurve/GBP-SONIA/2,IndexCurve/GBP-SONIA/2/3M,0.00565905,0.00010000
parallel_rates,IndexCurve/GBP-SONIA/3,IndexCurve/GBP-SONIA/3/6M,0.00544361,0.00010000
parallel_rates,IndexCurve/GBP-SONIA/4,IndexCurve/GBP-SONIA/4/9M,0.00523385,0.00010000
parallel_rates,IndexCurve/GBP-SONIA/5,IndexCurve/GBP-SONIA/5/1Y,0.00492187,0.00010000
parallel_rates,IndexCurve/GBP-SONIA/6,IndexCurve/GBP-SONIA/6/2Y,0.00465552,0.00010000
parallel_rates,IndexCurve/GBP-SONIA/7,IndexCurve/GBP-SONIA/7/3Y,0.00497075,0.00010000
parallel_rates,IndexCurve/GBP-SONIA/8,IndexCurve/GBP-SONIA/8/4Y,0.00540081,0.00010000
parallel_rates,IndexCurve/GBP-SONIA/9,IndexCurve/GBP-SONIA/9/5Y,0.00617452,0.00010000
parallel_rates,IndexCurve/GBP-SONIA/10,IndexCurve/GBP-SONIA/10/7Y,0.00803605,0.00010000
parallel_rates,IndexCurve/GBP-SONIA/11,IndexCurve/GBP-SONIA/11/10Y,0.01065155,0.00010000
parallel_rates,IndexCurve/GBP-SONIA/12,IndexCurve/GBP-SONIA/12/15Y,0.01337141,0.00010000
parallel_rates,IndexCurve/GBP-SONIA/13,IndexCurve/GBP-SONIA/13/20Y,0.01428799,0.00010000
parallel_rates,IndexCurve/GBP-SONIA/14,IndexCurve/GBP-SONIA/14/25Y,0.01462375,0.00010000
parallel_rates,IndexCurve/GBP-SONIA/15,IndexCurve/GBP-SONIA/15/30Y,0.01463873,0.00010000
parallel_rates,IndexCurve/USD-FedFunds/0,IndexCurve/USD-FedFunds/0/2W,0.00452404,0.00010000
parallel_rates,IndexCurve/USD-FedFunds/1,IndexCurve/USD-FedFunds/1/1M,0.00452149,0.00010000
parallel_rates,IndexCurve/USD-FedFunds/2,IndexCurve/USD-FedFunds/2/3M,0.00488930,0.00010000
parallel_rates,IndexCurve/USD-FedFunds/3,IndexCurve/USD-FedFunds/3/6M,0.00527728,0.00010000
parallel_rates,IndexCurve/USD-FedFunds/4,IndexCurve/USD-FedFunds/4/9M,0.00551406,0.00010000
parallel_rates,IndexCurve/USD-FedFunds/5,IndexCurve/USD-FedFunds/5/1Y,0.00565871,0.00010000
parallel_rates,IndexCurve/USD-FedFunds/6,IndexCurve/USD-FedFunds/6/2Y,0.00647964,0.00010000
parallel_rates,IndexCurve/USD-FedFunds/7,IndexCurve/USD-FedFunds/7/3Y,0.00716360,0.00010000
parallel_rates,IndexCurve/USD-FedFunds/8,IndexCurve/USD-FedFunds/8/4Y,0.00834192,0.00010000
parallel_rates,IndexCurve/USD-FedFunds/9,IndexCurve/USD-FedFunds/9/5Y,0.00937218,0.00010000
parallel_rates,IndexCurve/USD-FedFunds/10,IndexCurve/USD-FedFunds/10/7Y,0.01119194,0.00010000
parallel_rates,IndexCurve/USD-FedFunds/11,IndexCurve/USD-FedFunds/11/10Y,0.01358078,0.00010000
parallel_rates,IndexCurve/USD-FedFunds/12,IndexCurve/USD-FedFunds/12/15Y,0.01649948,0.00010000
parallel_rates,IndexCurve/USD-FedFunds/13,IndexCurve/USD-FedFunds/13/20Y,0.01793585,0.00010000
parallel_rates,IndexCurve/USD-FedFunds/14,IndexCurve/USD-FedFunds/14/25Y,0.01870361,0.00010000
parallel_rates,IndexCurve/USD-FedFunds/15,IndexCurve/USD-FedFunds/15/30Y,0.01898449,0.00010000
parallel_rates,IndexCurve/USD-LIBOR-3M/0,IndexCurve/USD-LIBOR-3M/0/2W,0.01634761,0.00010000
parallel_rates,IndexCurve/USD-LIBOR-3M/1,IndexCurve/USD-LIBOR-3M/1/1M,0.01721672,0.00010000
parallel_rates,IndexCurve/USD-LIBOR-3M/2,IndexCurve/USD-LIBOR-3M/2/3M,0.01811272,0.00010000
parallel_rates,IndexCurve/USD-LIBOR-3M/3,IndexCurve/USD-LIBOR-3M/3/6M,0.01809933,0.00010000
parallel_rates,IndexCurve/USD-LIBOR-3M/4,IndexCurve/USD-LIBOR-3M/4/9M,0.01829092,0.00010000
parallel_rates,IndexCurve/USD-LIBOR-3M/5,IndexCurve/USD-LIBOR-3M/5/1Y,0.01852760,0.00010000
parallel_rates,IndexCurve/USD-LIBOR-3M/6,IndexCurve/USD-LIBOR-3M/6/2Y,0.01921693,0.00010000
parallel_rates,IndexCurve/USD-LIBOR-3M/7,IndexCurve/USD-LIBOR-3M/7/3Y,0.02019493,0.00010000
parallel_rates,IndexCurve/USD-LIBOR-3M/8,IndexCurve/USD-LIBOR-3M/8/4Y,0.02126676,0.00010000
parallel_rates,IndexCurve/USD-LIBOR-3M/9,IndexCurve/USD-LIBOR-3M/9/5Y,0.02237271,0.00010000
parallel_rates,IndexCurve/USD-LIBOR-3M/10,IndexCurve/USD-LIBOR-3M/10/7Y,0.02436923,0.00010000
parallel_rates,IndexCurve/USD-LIBOR-3M/11,IndexCurve/USD-LIBOR-3M/11/10Y,0.02691046,0.00010000
parallel_rates,IndexCurve/USD-LIBOR-3M/12,IndexCurve/USD-LIBOR-3M/12/15Y,0.02959010,0.00010000
parallel_rates,IndexCurve/USD-LIBOR-3M/13,IndexCurve/USD-LIBOR-3M/13/20Y,0.03105603,0.00010000
parallel_rates,IndexCurve/USD-LIBOR-3M/14,IndexCurve/USD-LIBOR-3M/14/25Y,0.03173138,0.00010000
parallel_rates,IndexCurve/USD-LIBOR-3M/15,IndexCurve/USD-LIBOR-3M/15/30Y,0.03222714,0.00010000
parallel_rates,IndexCurve/USD-LIBOR-6M/0,IndexCurve/USD-LIBOR-6M/0/2W,0.01634761,0.00010000
parallel_rates,IndexCurve/USD-LIBOR-6M/1,IndexCurve/USD-LIBOR-6M/1/1M,0.01721672,0.00010000
parallel_rates,IndexCurve/USD-LIBOR-6M/2,IndexCurve/USD-LIBOR-6M/2/3M,0.01811272,0.00010000
parallel_rates,IndexCurve/USD-LIBOR-6M/3,IndexCurve/USD-LIBOR-6M/3/6M,0.01809101,0.00010000
parallel_rates,IndexCurve/USD-LIBOR-6M/4,IndexCurve/USD-LIBOR-6M/4/9M,0.01862242,0.00010000
parallel_rates,IndexCurve/USD-LIBOR-6M/5,IndexCurve/USD-LIBOR-6M/5/1Y,0.01890329,0.00010000
parallel_rates,IndexCurve/USD-LIBOR-6M/6,IndexCurve/USD-LIBOR-6M/6/2Y,0.01770981,0.00010000
parallel_rates,IndexCurve/USD-LIBOR-6M/7,IndexCurve/USD-LIBOR-6M/7/3Y,0.01883154,0.00010000
parallel_rates,IndexCurve/USD-LIBOR-6M/8,IndexCurve/USD-LIBOR-6M/8/4Y,0.01996703,0.00010000
parallel_rates,IndexCurve/USD-LIBOR-6M/9,IndexCurve/USD-LIBOR-6M/9/5Y,0.02114338,0.00010000
parallel_rates,IndexCurve/USD-LIBOR-6M/10,IndexCurve/USD-LIBOR-6M/10/7Y,0.02327248,0.00010000
parallel_rates,IndexCurve/USD-LIBOR-6M/11,IndexCurve/USD-LIBOR-6M/11/10Y,0.02566421,0.00010000
parallel_rates,IndexCurve/USD-LIBOR-6M/12,IndexCurve/USD-LIBOR-6M/12/15Y,0.02839168,0.00010000
parallel_rates,IndexCurve/USD-LIBOR-6M/13,IndexCurve/USD-LIBOR-6M/13/20Y,0.02980323,0.00010000
parallel_rates,IndexCurve/USD-LIBOR-6M/14,IndexCurve/USD-LIBOR-6M/14/25Y,0.03051213,0.00010000
parallel_rates,IndexCurve/USD-LIBOR-6M/15,IndexCurve/USD-LIBOR-6M/15/30Y,0.03104213,0.00010000
parallel_rates,SwaptionVolatility/EUR/0,SwaptionVolatility/EUR/0/1Y/1Y/ATM,0.00000000,0.00000000
parallel_rates,SwaptionVolatility/EUR/1,SwaptionVolatility/EUR/1/1Y/5Y/ATM,0.00000000,0.00000000
parallel_rates,SwaptionVolatility/EUR/2,SwaptionVolatility/EUR/2/1Y/10Y/ATM,0.00000000,0.00000000
parallel_rates,SwaptionVolatility/EUR/3,SwaptionVolatility/EUR/3/5Y/1Y/ATM,0.00000000,0.00000000
parallel_rates,SwaptionVolatility/EUR/4,SwaptionVolatility/EUR/4/5Y/5Y/ATM,0.00000000,0.00000000
parallel_rates,SwaptionVolatility/EUR/5,SwaptionVolatility/EUR/5/5Y/10Y/ATM,0.00000000,0.00000000
parallel_rates,SwaptionVolatility/EUR/6,SwaptionVolatility/EUR/6/7Y/1Y/ATM,0.00000000,0.00000000
parallel_rates,SwaptionVolatility/EUR/7,SwaptionVolatility/EUR/7/7Y/5Y/ATM,0.00000000,0.00000000
parallel_rates,SwaptionVolatility/EUR/8,SwaptionVolatility/EUR/8/7Y/10Y/ATM,0.00000000,0.00000000
parallel_rates,SwaptionVolatility/EUR/9,SwaptionVolatility/EUR/9/10Y/1Y/ATM,0.00000000,0.00000000
parallel_rates,SwaptionVolatility/EUR/10,SwaptionVolatility/EUR/10/10Y/5Y/ATM,0.00000000,0.00000000
parallel_rates,SwaptionVolatility/EUR/11,SwaptionVolatility/EUR/11/10Y/10Y/ATM,0.00000000,0.00000000
parallel_rates,OptionletVolatility/EUR/0,OptionletVolatility/EUR/0/1Y/0.01,0.00000000,0.00000000
parallel_rates,OptionletVolatility/EUR/1,OptionletVolatility/EUR/1/1Y/0.02,0.00000000,0.00000000
parallel_rates,OptionletVolatility/EUR/2,OptionletVolatility/EUR/2/1Y/0.03,0.00000000,0.00000000
parallel_rates,OptionletVolatility/EUR/3,OptionletVolatility/EUR/3/1Y/0.04,0.00000000,0.00000000
parallel_rates,OptionletVolatility/EUR/4,OptionletVolatility/EUR/4/1Y/0.05,0.00000000,0.00000000
parallel_rates,OptionletVolatility/EUR/5,OptionletVolatility/EUR/5/2Y/0.01,0.00000000,0.00000000
parallel_rates,OptionletVolatility/EUR/6,OptionletVolatility/EUR/6/2Y/0.02,0.00000000,0.00000000
parallel_rates,OptionletVolatility/EUR/7,OptionletVolatility/EUR/7/2Y/0.03,0.00000000,0.00000000
parallel_rates,OptionletVolatility/EUR/8,OptionletVolatility/EUR/8/2Y/0.04,0.00634611,0.00010000
parallel_rates,OptionletVolatility/EUR/9,OptionletVolatility/EUR/9/2Y/0.05,0.00866484,0.00010000
parallel_rates,OptionletVolatility/EUR/10,OptionletVolatility/EUR/10/3Y/0.01,0.01080603,0.00010000
parallel_rates,OptionletVolatility/EUR/11,OptionletVolatility/EUR/11/3Y/0.02,0.01273007,0.00010000
parallel_rates,OptionletVolatility/EUR/12,OptionletVolatility/EUR/12/3Y/0.03,0.01457076,0.00010000
parallel_rates,OptionletVolatility/EUR/13,OptionletVolatility/EUR/13/3Y/0.04,0.00000000,0.00000000
parallel_rates,OptionletVolatility/EUR/14,OptionletVolatility/EUR/14/3Y/0.05,0.00000000,0.00000000
parallel_rates,OptionletVolatility/EUR/15,OptionletVolatility/EUR/15/5Y/0.01,0.00634417,0.00010000
parallel_rates,OptionletVolatility/EUR/16,OptionletVolatility/EUR/16/5Y/0.02,0.00825094,0.00010000
parallel_rates,OptionletVolatility/EUR/17,OptionletVolatility/EUR/17/5Y/0.03,0.01009212,0.00010000
parallel_rates,OptionletVolatility/EUR/18,OptionletVolatility/EUR/18/5Y/0.04,0.01181967,0.00010000
parallel_rates,OptionletVolatility/EUR/19,OptionletVolatility/EUR/19/5Y/0.05,0.01344154,0.00010000
parallel_rates,OptionletVolatility/EUR/20,OptionletVolatility/EUR/20/7Y/0.01,0.00000000,0.00000000
parallel_rates,OptionletVolatility/EUR/21,OptionletVolatility/EUR/21/7Y/0.02,0.00000000,0.00000000
parallel_rates,OptionletVolatility/EUR/22,OptionletVolatility/EUR/22/7Y/0.03,0.00681074,0.00010000
parallel_rates,OptionletVolatility/EUR/23,OptionletVolatility/EUR/23/7Y/0.04,0.00828152,0.00010000
parallel_rates,OptionletVolatility/EUR/24,OptionletVolatility/EUR/24/7Y/0.05,0.00984170,0.00010000
parallel_rates,OptionletVolatility/EUR/25,OptionletVolatility/EUR/25/10Y/0.01,0.01137222,0.00010000
parallel_rates,OptionletVolatility/EUR/26,OptionletVolatility/EUR/26/10Y/0.02,0.01281773,0.00010000
parallel_rates,OptionletVolatility/EUR/27,OptionletVolatility/EUR/27/10Y/0.03,0.00000000,0.00000000
parallel_rates,OptionletVolatility/EUR/28,OptionletVolatility/EUR/28/10Y/0.04,0.00000000,0.00000000
parallel_rates,OptionletVolatility/EUR/29,OptionletVolatility/EUR/29/10Y/0.05,0.00764157,0.00010000
parallel_rates,OptionletVolatility/EUR/30,na,0.00848680,0.00010000
parallel_rates,OptionletVolatility/EUR/31,na,0.00956031,0.00010000
parallel_rates,OptionletVolatility/EUR/32,na,0.01068728,0.00010000
parallel_rates,OptionletVolatility/EUR/33,na,0.01179943,0.00010000
parallel_rates,OptionletVolatility/EUR/36,na,0.00756076,0.00010000
parallel_rates,OptionletVolatility/EUR/37,na,0.00813130,0.00010000
parallel_rates,OptionletVolatility/EUR/38,na,0.00888891,0.00010000
parallel_rates,OptionletVolatility/EUR/39,na,0.00976729,0.00010000
parallel_rates,OptionletVolatility/EUR/40,na,0.01072507,0.00010000
parallel_rates,OptionletVolatility/EUR/43,na,0.00736231,0.00010000
parallel_rates,OptionletVolatility/EUR/44,na,0.00758588,0.00010000
parallel_rates,OptionletVolatility/EUR/45,na,0.00794944,0.00010000
parallel_rates,OptionletVolatility/EUR/46,na,0.00833740,0.00010000
parallel_rates,OptionletVolatility/EUR/47,na,0.00874580,0.00010000
parallel_rates,OptionletVolatility/USD/0,OptionletVolatility/USD/0/1Y/0.01,0.00000000,0.00000000
parallel_rates,OptionletVolatility/USD/1,OptionletVolatility/USD/1/1Y/0.02,0.00000000,0.00000000
parallel_rates,OptionletVolatility/USD/2,OptionletVolatility/USD/2/1Y/0.03,0.00000000,0.00000000
parallel_rates,OptionletVolatility/USD/3,OptionletVolatility/USD/3/1Y/0.04,0.00000000,0.00000000
parallel_rates,OptionletVolatility/USD/4,OptionletVolatility/USD/4/1Y/0.05,0.00000000,0.00000000
parallel_rates,OptionletVolatility/USD/5,OptionletVolatility/USD/5/2Y/0.01,0.00000000,0.00000000
parallel_rates,OptionletVolatility/USD/6,OptionletVolatility/USD/6/2Y/0.02,0.00000000,0.00000000
parallel_rates,OptionletVolatility/USD/7,OptionletVolatility/USD/7/2Y/0.03,0.00000000,0.00000000
parallel_rates,OptionletVolatility/USD/8,OptionletVolatility/USD/8/2Y/0.04,0.00577151,0.00010000
parallel_rates,OptionletVolatility/USD/9,OptionletVolatility/USD/9/2Y/0.05,0.00723775,0.00010000
parallel_rates,OptionletVolatility/USD/10,OptionletVolatility/USD/10/3Y/0.01,0.00867746,0.00010000
parallel_rates,OptionletVolatility/USD/11,OptionletVolatility/USD/11/3Y/0.02,0.01022984,0.00010000
parallel_rates,OptionletVolatility/USD/12,OptionletVolatility/USD/12/3Y/0.03,0.01182693,0.00010000
parallel_rates,OptionletVolatility/USD/13,OptionletVolatility/USD/13/3Y/0.04,0.00000000,0.00000000
parallel_rates,OptionletVolatility/USD/14,OptionletVolatility/USD/14/3Y/0.05,0.00000000,0.00000000
parallel_rates,OptionletVolatility/USD/15,OptionletVolatility/USD/15/5Y/0.01,0.00719499,0.00010000
parallel_rates,OptionletVolatility/USD/16,OptionletVolatility/USD/16/5Y/0.02,0.00839686,0.00010000
parallel_rates,OptionletVolatility/USD/17,OptionletVolatility/USD/17/5Y/0.03,0.00947082,0.00010000
parallel_rates,OptionletVolatility/USD/18,OptionletVolatility/USD/18/5Y/0.04,0.01070390,0.00010000
parallel_rates,OptionletVolatility/USD/19,OptionletVolatility/USD/19/5Y/0.05,0.01227724,0.00010000
parallel_rates,OptionletVolatility/USD/20,OptionletVolatility/USD/20/7Y/0.01,0.00000000,0.00000000
parallel_rates,OptionletVolatility/USD/21,OptionletVolatility/USD/21/7Y/0.02,0.00000000,0.00000000
parallel_rates,OptionletVolatility/USD/22,OptionletVolatility/USD/22/7Y/0.03,0.00845300,0.00010000
parallel_rates,OptionletVolatility/USD/23,OptionletVolatility/USD/23/7Y/0.04,0.00965814,0.00010000
parallel_rates,OptionletVolatility/USD/24,OptionletVolatility/USD/24/7Y/0.05,0.01058286,0.00010000
parallel_rates,OptionletVolatility/USD/25,OptionletVolatility/USD/25/10Y/0.01,0.01145418,0.00010000
parallel_rates,OptionletVolatility/USD/26,OptionletVolatility/USD/26/10Y/0.02,0.01291697,0.00010000
parallel_rates,OptionletVolatility/USD/27,OptionletVolatility/USD/27/10Y/0.03,0.00000000,0.00000000
parallel_rates,OptionletVolatility/USD/28,OptionletVolatility/USD/28/10Y/0.04,0.00000000,0.00000000
parallel_rates,OptionletVolatility/USD/29,OptionletVolatility/USD/29/10Y/0.05,0.00982702,0.00010000
parallel_rates,OptionletVolatility/USD/30,na,0.01021438,0.00010000
parallel_rates,OptionletVolatility/USD/31,na,0.01050705,0.00010000
parallel_rates,OptionletVolatility/USD/32,na,0.01058685,0.00010000
parallel_rates,OptionletVolatility/USD/33,na,0.01147862,0.00010000
parallel_rates,OptionletVolatility/USD/36,na,0.00921612,0.00010000
parallel_rates,OptionletVolatility/USD/37,na,0.00945461,0.00010000
parallel_rates,OptionletVolatility/USD/38,na,0.00963428,0.00010000
parallel_rates,OptionletVolatility/USD/39,na,0.00961494,0.00010000
parallel_rates,OptionletVolatility/USD/40,na,0.01032890,0.00010000
parallel_rates,OptionletVolatility/USD/43,na,0.00837507,0.00010000
parallel_rates,OptionletVolatility/USD/44,na,0.00882218,0.00010000
parallel_rates,OptionletVolatility/USD/45,na,0.00895203,0.00010000
parallel_rates,OptionletVolatility/USD/46,na,0.00902503,0.00010000
parallel_rates,OptionletVolatility/USD/47,na,0.00983506,0.00010000
parallel_rates,FXSpot/GBPEUR/0,FXSpot/GBPEUR/0/spot,1.24393734,0.01243937
parallel_rates,FXSpot/USDEUR/0,FXSpot/USDEUR/0/spot,0.89196061,0.00891961
parallel_rates,FXVolatility/GBPEUR/0,FXVolatility/GBPEUR/0/1Y/ATM,0.00000000,0.00000000
parallel_rates,FXVolatility/GBPEUR/1,FXVolatility/GBPEUR/1/2Y/ATM,0.22978970,0.00229790
parallel_rates,FXVolatility/GBPEUR/2,FXVolatility/GBPEUR/2/3Y/ATM,0.22923000,0.00229230
parallel_rates,FXVolatility/GBPEUR/3,FXVolatility/GBPEUR/3/5Y/ATM,0.23047157,0.00230472
parallel_rates,FXVolatility/GBPEUR/5,na,0.23145800,0.00231458
parallel_rates,FXVolatility/USDEUR/0,FXVolatility/USDEUR/0/1Y/ATM,0.00000000,0.00000000
parallel_rates,FXVolatility/USDEUR/1,FXVolatility/USDEUR/1/2Y/ATM,0.22082812,0.00220828
parallel_rates,FXVolatility/USDEUR/2,FXVolatility/USDEUR/2/3Y/ATM,0.22046500,0.00220465
parallel_rates,FXVolatility/USDEUR/3,FXVolatility/USDEUR/3/5Y/ATM,0.22299300,0.00222993
parallel_rates,FXVolatility/USDEUR/5,na,0.23075337,0.00230753
parallel_rates,EquitySpot/FTSE/0,EquitySpot/FTSE/0/spot,7592.88710000,75.92887100
parallel_rates,EquitySpot/SPX/0,EquitySpot/SPX/0/spot,2439.22070000,24.39220700
parallel_rates,EquityVolatility/FTSE/0,EquityVolatility/FTSE/0/2W/ATM,0.25391400,0.01000000
parallel_rates,EquityVolatility/FTSE/1,EquityVolatility/FTSE/1/1M/ATM,0.25391400,0.01000000
parallel_rates,EquityVolatility/FTSE/2,EquityVolatility/FTSE/2/3M/ATM,0.25391400,0.01000000
parallel_rates,EquityVolatility/FTSE/3,EquityVolatility/FTSE/3/6M/ATM,0.25391400,0.01000000
parallel_rates,EquityVolatility/FTSE/4,EquityVolatility/FTSE/4/1Y/ATM,0.25391400,0.01000000
parallel_rates,EquityVolatility/FTSE/5,EquityVolatility/FTSE/5/2Y/ATM,0.25391400,0.01000000
parallel_rates,EquityVolatility/FTSE/6,EquityVolatility/FTSE/6/3Y/ATM,0.25391400,0.01000000
parallel_rates,EquityVolatility/FTSE/7,EquityVolatility/FTSE/7/5Y/ATM,0.25391400,0.01000000
parallel_rates,EquityVolatility/FTSE/8,EquityVolatility/FTSE/8/10Y/ATM,0.25391400,0.01000000
parallel_rates,EquityVolatility/FTSE/9,EquityVolatility/FTSE/9/15Y/ATM,0.25391400,0.01000000
parallel_rates,EquityVolatility/FTSE/10,EquityVolatility/FTSE/10/20Y/ATM,0.25391400,0.01000000
parallel_rates,EquityVolatility/FTSE/11,EquityVolatility/FTSE/11/30Y/ATM,0.25391400,0.01000000
parallel_rates,EquityVolatility/SPX/0,EquityVolatility/SPX/0/2W/ATM,0.25391400,0.01000000
parallel_rates,EquityVolatility/SPX/1,EquityVolatility/SPX/1/1M/ATM,0.25391400,0.01000000
parallel_rates,EquityVolatility/SPX/2,EquityVolatility/SPX/2/3M/ATM,0.25391400,0.01000000
parallel_rates,EquityVolatility/SPX/3,EquityVolatility/SPX/3/6M/ATM,0.25391400,0.01000000
parallel_rates,EquityVolatility/SPX/4,EquityVolatility/SPX/4/1Y/ATM,0.25391400,0.01000000
parallel_rates,EquityVolatility/SPX/5,EquityVolatility/SPX/5/2Y/ATM,0.25391400,0.01000000
parallel_rates,EquityVolatility/SPX/6,EquityVolatility/SPX/6/3Y/ATM,0.25391400,0.01000000
parallel_rates,EquityVolatility/SPX/7,EquityVolatility/SPX/7/5Y/ATM,0.25391400,0.01000000
parallel_rates,EquityVolatility/SPX/8,EquityVolatility/SPX/8/10Y/ATM,0.25391400,0.01000000
parallel_rates,EquityVolatility/SPX/9,EquityVolatility/SPX/9/15Y/ATM,0.25391400,0.01000000
parallel_rates,EquityVolatility/SPX/10,EquityVolatility/SPX/10/20Y/ATM,0.25391400,0.01000000
parallel_rates,EquityVolatility/SPX/11,EquityVolatility/SPX/11/30Y/ATM,0.25391400,0.01000000
parallel_rates,SurvivalProbability/CPTY_1/0,SurvivalProbability/CPTY_1/0/6M,0.01000000,0.00010000
parallel_rates,SurvivalProbability/CPTY_1/1,SurvivalProbability/CPTY_1/1/1Y,0.01000000,0.00010000
parallel_rates,SurvivalProbability/CPTY_1/2,SurvivalProbability/CPTY_1/2/2Y,0.01000000,0.00010000
parallel_rates,SurvivalProbability/CPTY_1/3,SurvivalProbability/CPTY_1/3/3Y,0.01000000,0.00010000
parallel_rates,SurvivalProbability/CPTY_1/4,SurvivalProbability/CPTY_1/4/4Y,0.01000000,0.00010000
parallel_rates,SurvivalProbability/CPTY_1/5,SurvivalProbability/CPTY_1/5/5Y,0.01000000,0.00010000
parallel_rates,SurvivalProbability/CPTY_1/6,SurvivalProbability/CPTY_1/6/7Y,0.01000000,0.00010000
parallel_rates,SurvivalProbability/CPTY_1/7,SurvivalProbability/CPTY_1/7/10Y,0.01000000,0.00010000
parallel_rates,SurvivalProbability/CPTY_1/8,SurvivalProbability/CPTY_1/8/12Y,0.01000000,0.00010000
parallel_rates,SurvivalProbability/CPTY_1/9,SurvivalProbability/CPTY_1/9/15Y,0.01000000,0.00010000
parallel_rates,SurvivalProbability/CPTY_1/10,SurvivalProbability/CPTY_1/10/20Y,0.01000000,0.00010000
parallel_rates,SurvivalProbability/CPTY_2/0,SurvivalProbability/CPTY_2/0/6M,0.01000000,0.00010000
parallel_rates,SurvivalProbability/CPTY_2/1,SurvivalProbability/CPTY_2/1/1Y,0.01000000,0.00010000
parallel_rates,SurvivalProbability/CPTY_2/2,SurvivalProbability/CPTY_2/2/2Y,0.01000000,0.00010000
parallel_rates,SurvivalProbability/CPTY_2/3,SurvivalProbability/CPTY_2/3/3Y,0.01000000,0.00010000
parallel_rates,SurvivalProbability/CPTY_2/4,SurvivalProbability/CPTY_2/4/4Y,0.01000000,0.00010000
parallel_rates,SurvivalProbability/CPTY_2/5,SurvivalProbability/CPTY_2/5/5Y,0.01000000,0.00010000
parallel_rates,SurvivalProbability/CPTY_2/6,SurvivalProbability/CPTY_2/6/7Y,0.01000000,0.00010000
parallel_rates,SurvivalProbability/CPTY_2/7,SurvivalProbability/CPTY_2/7/10Y,0.01000000,0.00010000
parallel_rates,SurvivalProbability/CPTY_2/8,SurvivalProbability/CPTY_2/8/12Y,0.01000000,0.00010000
parallel_rates,SurvivalProbability/CPTY_2/9,SurvivalProbability/CPTY_2/9/15Y,0.01000000,0.00010000
parallel_rates,SurvivalProbability/CPTY_2/10,SurvivalProbability/CPTY_2/10/20Y,0.01000000,0.00010000
parallel_rates,SurvivalProbability/CPTY_3/0,SurvivalProbability/CPTY_3/0/6M,0.01000000,0.00010000
parallel_rates,SurvivalProbability/CPTY_3/1,SurvivalProbability/CPTY_3/1/1Y,0.01000000,0.00010000
parallel_rates,SurvivalProbability/CPTY_3/2,SurvivalProbability/CPTY_3/2/2Y,0.01000000,0.00010000
parallel_rates,SurvivalProbability/CPTY_3/3,SurvivalProbability/CPTY_3/3/3Y,0.01000000,0.00010000
parallel_rates,SurvivalProbability/CPTY_3/4,SurvivalProbability/CPTY_3/4/4Y,0.01000000,0.00010000
parallel_rates,SurvivalProbability/CPTY_3/5,SurvivalProbability/CPTY_3/5/5Y,0.01000000,0.00010000
parallel_rates,SurvivalProbability/CPTY_3/6,SurvivalProbability/CPTY_3/6/7Y,0.01000000,0.00010000
parallel_rates,SurvivalProbability/CPTY_3/7,SurvivalProbability/CPTY_3/7/10Y,0.01000000,0.00010000
parallel_rates,SurvivalProbability/CPTY_3/8,SurvivalProbability/CPTY_3/8/12Y,0.01000000,0.00010000
parallel_rates,SurvivalProbability/CPTY_3/9,SurvivalProbability/CPTY_3/9/15Y,0.01000000,0.00010000
parallel_rates,SurvivalProbability/CPTY_3/10,SurvivalProbability/CPTY_3/10/20Y,0.01000000,0.00010000
parallel_rates,CDSVolatility/CDXIG/0,CDSVolatility/CDXIG/0/3M/ATM,0.20000000,0.00200000
parallel_rates,CDSVolatility/CDXIG/1,CDSVolatility/CDXIG/1/6M/ATM,0.20000000,0.00200000
parallel_rates,CDSVolatility/CDXIG/2,CDSVolatility/CDXIG/2/1Y/ATM,0.14103443,0.00141034
parallel_rates,ZeroInflationCurve/EUHICPXT/0,ZeroInflationCurve/EUHICPXT/0/6M,0.01161966,0.00010000
parallel_rates,ZeroInflationCurve/EUHICPXT/1,ZeroInflationCurve/EUHICPXT/1/1Y,0.01161966,0.00010000
parallel_rates,ZeroInflationCurve/EUHICPXT/2,ZeroInflationCurve/EUHICPXT/2/2Y,0.00817500,0.00010000
parallel_rates,ZeroInflationCurve/EUHICPXT/3,ZeroInflationCurve/EUHICPXT/3/3Y,0.00817500,0.00010000
parallel_rates,ZeroInflationCurve/EUHICPXT/4,ZeroInflationCurve/EUHICPXT/4/5Y,0.00000000,0.00000000
parallel_rates,ZeroInflationCurve/EUHICPXT/5,ZeroInflationCurve/EUHICPXT/5/7Y,0.00837423,0.00010000
parallel_rates,ZeroInflationCurve/EUHICPXT/6,ZeroInflationCurve/EUHICPXT/6/10Y,0.00930000,0.00010000
parallel_rates,ZeroInflationCurve/EUHICPXT/7,ZeroInflationCurve/EUHICPXT/7/15Y,0.01127500,0.00010000
parallel_rates,ZeroInflationCurve/EUHICPXT/8,ZeroInflationCurve/EUHICPXT/8/20Y,0.01325000,0.00010000
parallel_rates,ZeroInflationCurve/EUHICPXT/9,ZeroInflationCurve/EUHICPXT/9/30Y,0.01427500,0.00010000
parallel_rates,ZeroInflationCurve/EUHICPXT/11,na,0.01562500,0.00010000
parallel_rates,ZeroInflationCurve/UKRPI/0,ZeroInflationCurve/UKRPI/0/6M,0.02824335,0.00010000
parallel_rates,ZeroInflationCurve/UKRPI/1,ZeroInflationCurve/UKRPI/1/1Y,0.02824335,0.00010000
parallel_rates,ZeroInflationCurve/UKRPI/2,ZeroInflationCurve/UKRPI/2/2Y,0.02942500,0.00010000
parallel_rates,ZeroInflationCurve/UKRPI/3,ZeroInflationCurve/UKRPI/3/3Y,0.02975000,0.00010000
parallel_rates,ZeroInflationCurve/UKRPI/4,ZeroInflationCurve/UKRPI/4/4Y,0.02983000,0.00010000
parallel_rates,ZeroInflationCurve/UKRPI/5,ZeroInflationCurve/UKRPI/5/5Y,0.02999859,0.00010000
parallel_rates,ZeroInflationCurve/UKRPI/6,ZeroInflationCurve/UKRPI/6/7Y,0.03008000,0.00010000
parallel_rates,ZeroInflationCurve/UKRPI/7,ZeroInflationCurve/UKRPI/7/10Y,0.03044500,0.00010000
parallel_rates,ZeroInflationCurve/UKRPI/8,ZeroInflationCurve/UKRPI/8/15Y,0.03090000,0.00010000
parallel_rates,ZeroInflationCurve/UKRPI/9,ZeroInflationCurve/UKRPI/9/20Y,0.03109000,0.00010000
parallel_rates,ZeroInflationCurve/UKRPI/10,ZeroInflationCurve/UKRPI/10/25Y,0.03107971,0.00010000
parallel_rates,ZeroInflationCurve/UKRPI/11,ZeroInflationCurve/UKRPI/11/30Y,0.03048000,0.00010000
parallel_rates,YoYInflationCurve/EUHICPXT/0,YoYInflationCurve/EUHICPXT/0/6M,0.01082049,0.00010000
parallel_rates,YoYInflationCurve/EUHICPXT/1,YoYInflationCurve/EUHICPXT/1/1Y,0.01165000,0.00010000
parallel_rates,YoYInflationCurve/EUHICPXT/2,YoYInflationCurve/EUHICPXT/2/2Y,0.01299023,0.00010000
parallel_rates,YoYInflationCurve/EUHICPXT/3,YoYInflationCurve/EUHICPXT/3/3Y,0.01395946,0.00010000
parallel_rates,YoYInflationCurve/EUHICPXT/4,YoYInflationCurve/EUHICPXT/4/4Y,0.01449465,0.00010000
parallel_rates,YoYInflationCurve/EUHICPXT/5,YoYInflationCurve/EUHICPXT/5/5Y,0.01504192,0.00010000
parallel_rates,YoYInflationCurve/EUHICPXT/6,YoYInflationCurve/EUHICPXT/6/7Y,0.01605509,0.00010000
parallel_rates,YoYInflationCurve/EUHICPXT/7,YoYInflationCurve/EUHICPXT/7/10Y,0.01788415,0.00010000
parallel_rates,YoYInflationCurve/EUHICPXT/8,YoYInflationCurve/EUHICPXT/8/15Y,0.02031124,0.00010000
parallel_rates,YoYInflationCurve/EUHICPXT/9,YoYInflationCurve/EUHICPXT/9/20Y,0.02133385,0.00010000
parallel_rates,YoYInflationCurve/EUHICPXT/10,YoYInflationCurve/EUHICPXT/10/25Y,0.02188211,0.00010000
parallel_rates,YoYInflationCurve/EUHICPXT/11,YoYInflationCurve/EUHICPXT/11/30Y,0.02140314,0.00010000
parallel_rates,SecuritySpread/SECURITY_1/0,SecuritySpread/SECURITY_1/0/spread,0.00000000,0.00010000
parallel_rates,SecuritySpread/SECURITY_2/0,SecuritySpread/SECURITY_2/0/spread,0.00000000,0.00010000
parallel_rates,SecuritySpread/SECURITY_3/0,SecuritySpread/SECURITY_3/0/spread,0.00000000,0.00010000
twist,DiscountCurve/EUR/0,DiscountCurve/EUR/0/2W,-0.00120220,0.00010000
twist,DiscountCurve/EUR/1,DiscountCurve/EUR/1/1M,-0.00165753,0.00010000
twist,DiscountCurve/EUR/2,DiscountCurve/EUR/2/3M,-0.00229507,0.00010000
twist,DiscountCurve/EUR/3,DiscountCurve/EUR/3/6M,-0.00259898,0.00010000
twist,DiscountCurve/EUR/4,DiscountCurve/EUR/4/9M,-0.00304939,0.00010000
twist,DiscountCurve/EUR/5,DiscountCurve/EUR/5/1Y,-0.00316143,0.00010000
twist,DiscountCurve/EUR/6,DiscountCurve/EUR/6/2Y,-0.00350149,0.00010000
twist,DiscountCurve/EUR/7,DiscountCurve/EUR/7/3Y,-0.00314065,0.00010000
twist,DiscountCurve/EUR/8,DiscountCurve/EUR/8/4Y,-0.00252517,0.00010000
twist,DiscountCurve/EUR/9,DiscountCurve/EUR/9/5Y,-0.00178025,0.00010000
twist,DiscountCurve/EUR/10,DiscountCurve/EUR/10/7Y,0.00050308,0.00010000
twist,DiscountCurve/EUR/11,DiscountCurve/EUR/11/10Y,0.00398599,0.00010000
twist,DiscountCurve/EUR/12,DiscountCurve/EUR/12/15Y,0.00765767,0.00010000
twist,DiscountCurve/EUR/13,DiscountCurve/EUR/13/20Y,0.00930009,0.00010000
twist,DiscountCurve/EUR/14,DiscountCurve/EUR/14/25Y,0.00983192,0.00010000
twist,DiscountCurve/EUR/15,DiscountCurve/EUR/15/30Y,0.01010060,0.00010000
twist,DiscountCurve/GBP/0,DiscountCurve/GBP/0/2W,0.00728374,0.00010000
twist,DiscountCurve/GBP/1,DiscountCurve/GBP/1/1M,0.00728374,0.00010000
twist,DiscountCurve/GBP/2,DiscountCurve/GBP/2/3M,0.00728374,0.00010000
twist,DiscountCurve/GBP/3,DiscountCurve/GBP/3/6M,0.00709485,0.00010000
twist,DiscountCurve/GBP/4,DiscountCurve/GBP/4/9M,0.00678567,0.00010000
twist,DiscountCurve/GBP/5,DiscountCurve/GBP/5/1Y,0.00693542,0.00010000
twist,DiscountCurve/GBP/6,DiscountCurve/GBP/6/2Y,0.00277146,0.00010000
twist,DiscountCurve/GBP/7,DiscountCurve/GBP/7/3Y,0.00289487,0.00010000
twist,DiscountCurve/GBP/8,DiscountCurve/GBP/8/4Y,0.00325591,0.00010000
twist,DiscountCurve/GBP/9,DiscountCurve/GBP/9/5Y,0.00392221,0.00010000
twist,DiscountCurve/GBP/10,DiscountCurve/GBP/10/7Y,0.00594424,0.00010000
twist,DiscountCurve/GBP/11,DiscountCurve/GBP/11/10Y,0.00925481,0.00010000
twist,DiscountCurve/GBP/12,DiscountCurve/GBP/12/15Y,0.01230856,0.00010000
twist,DiscountCurve/GBP/13,DiscountCurve/GBP/13/20Y,0.01442100,0.00010000
twist,DiscountCurve/GBP/14,DiscountCurve/GBP/14/25Y,0.01449478,0.00010000
twist,DiscountCurve/GBP/15,DiscountCurve/GBP/15/30Y,0.01454065,0.00010000
twist,DiscountCurve/USD/0,DiscountCurve/USD/0/2W,0.00847740,0.00010000
twist,DiscountCurve/USD/1,DiscountCurve/USD/1/1M,0.00847740,0.00010000
twist,DiscountCurve/USD/2,DiscountCurve/USD/2/3M,0.00847740,0.00010000
twist,DiscountCurve/USD/3,DiscountCurve/USD/3/6M,0.00916754,0.00010000
twist,DiscountCurve/USD/4,DiscountCurve/USD/4/9M,0.00935557,0.00010000
twist,DiscountCurve/USD/5,DiscountCurve/USD/5/1Y,0.00990207,0.00010000
twist,DiscountCurve/USD/6,DiscountCurve/USD/6/2Y,0.01321965,0.00010000
twist,DiscountCurve/USD/7,DiscountCurve/USD/7/3Y,0.01469827,0.00010000
twist,DiscountCurve/USD/8,DiscountCurve/USD/8/4Y,0.01609971,0.00010000
twist,DiscountCurve/USD/9,DiscountCurve/USD/9/5Y,0.01712428,0.00010000
twist,DiscountCurve/USD/10,DiscountCurve/USD/10/7Y,0.01946714,0.00010000
twist,DiscountCurve/USD/11,DiscountCurve/USD/11/10Y,0.02167219,0.00010000
twist,DiscountCurve/USD/12,DiscountCurve/USD/12/15Y,0.02364750,0.00010000
twist,DiscountCurve/USD/13,DiscountCurve/USD/13/20Y,0.02480878,0.00010000
twist,DiscountCurve/USD/14,DiscountCurve/USD/14/25Y,0.02537836,0.00010000
twist,DiscountCurve/USD/15,DiscountCurve/USD/15/30Y,0.02575750,0.00010000
twist,IndexCurve/EUR-EONIA/0,IndexCurve/EUR-EONIA/0/2W,-0.00120220,0.00010000
twist,IndexCurve/EUR-EONIA/1,IndexCurve/EUR-EONIA/1/1M,-0.00165753,0.00010000
twist,IndexCurve/EUR-EONIA/2,IndexCurve/EUR-EONIA/2/3M,-0.00229507,0.00010000
twist,IndexCurve/EUR-EONIA/3,IndexCurve/EUR-EONIA/3/6M,-0.00259898,0.00010000
twist,IndexCurve/EUR-EONIA/4,IndexCurve/EUR-EONIA/4/9M,-0.00304939,0.00010000
twist,IndexCurve/EUR-EONIA/5,IndexCurve/EUR-EONIA/5/1Y,-0.00316143,0.00010000
twist,IndexCurve/EUR-EONIA/6,IndexCurve/EUR-EONIA/6/2Y,-0.00350149,0.00010000
twist,IndexCurve/EUR-EONIA/7,IndexCurve/EUR-EONIA/7/3Y,-0.00314065,0.00010000
twist,IndexCurve/EUR-EONIA/8,IndexCurve/EUR-EONIA/8/4Y,-0.00252517,0.00010000
twist,IndexCurve/EUR-EONIA/9,IndexCurve/EUR-EONIA/9/5Y,-0.00178025,0.00010000
twist,IndexCurve/EUR-EONIA/10,IndexCurve/EUR-EONIA/10/7Y,0.00050308,0.00010000
twist,IndexCurve/EUR-EONIA/11,IndexCurve/EUR-EONIA/11/10Y,0.00398599,0.00010000
twist,IndexCurve/EUR-EONIA/12,IndexCurve/EUR-EONIA/12/15Y,0.00765767,0.00010000
twist,IndexCurve/EUR-EONIA/13,IndexCurve/EUR-EONIA/13/20Y,0.00930009,0.00010000
twist,IndexCurve/EUR-EONIA/14,IndexCurve/EUR-EONIA/14/25Y,0.00983192,0.00010000
twist,IndexCurve/EUR-EONIA/15,IndexCurve/EUR-EONIA/15/30Y,0.01010060,0.00010000
twist,IndexCurve/EUR-EURIBOR-1M/0,IndexCurve/EUR-EURIBOR-1M/0/2W,-0.00050673,0.00010000
twist,IndexCurve/EUR-EURIBOR-1M/1,IndexCurve/EUR-EURIBOR-1M/1/1M,-0.00039865,0.00010000
twist,IndexCurve/EUR-EURIBOR-1M/2,IndexCurve/EUR-EURIBOR-1M/2/3M,-0.00015440,0.00010000
twist,IndexCurve/EUR-EURIBOR-1M/3,IndexCurve/EUR-EURIBOR-1M/3/6M,-0.00095888,0.00010000
twist,IndexCurve/EUR-EURIBOR-1M/4,IndexCurve/EUR-EURIBOR-1M/4/9M,-0.00129879,0.00010000
twist,IndexCurve/EUR-EURIBOR-1M/5,IndexCurve/EUR-EURIBOR-1M/5/1Y,-0.00152015,0.00010000
twist,IndexCurve/EUR-EURIBOR-1M/6,IndexCurve/EUR-EURIBOR-1M/6/2Y,-0.00179949,0.00010000
twist,IndexCurve/EUR-EURIBOR-1M/7,IndexCurve/EUR-EURIBOR-1M/7/3Y,-0.00147074,0.00010000
twist,IndexCurve/EUR-EURIBOR-1M/8,IndexCurve/EUR-EURIBOR-1M/8/4Y,-0.00079174,0.00010000
twist,IndexCurve/EUR-EURIBOR-1M/9,IndexCurve/EUR-EURIBOR-1M/9/5Y,0.00008897,0.00010000
twist,IndexCurve/EUR-EURIBOR-1M/10,IndexCurve/EUR-EURIBOR-1M/10/7Y,0.00221862,0.00010000
twist,IndexCurve/EUR-EURIBOR-1M/11,IndexCurve/EUR-EURIBOR-1M/11/10Y,0.00572860,0.00010000
twist,IndexCurve/EUR-EURIBOR-1M/12,IndexCurve/EUR-EURIBOR-1M/12/15Y,0.00938779,0.00010000
twist,IndexCurve/EUR-EURIBOR-1M/13,IndexCurve/EUR-EURIBOR-1M/13/20Y,0.01062757,0.00010000
twist,IndexCurve/EUR-EURIBOR-1M/14,IndexCurve/EUR-EURIBOR-1M/14/25Y,0.01120019,0.00010000
twist,IndexCurve/EUR-EURIBOR-1M/15,IndexCurve/EUR-EURIBOR-1M/15/30Y,0.01108177,0.00010000
twist,IndexCurve/EUR-EURIBOR-3M/0,IndexCurve/EUR-EURIBOR-3M/0/2W,-0.00050673,0.00010000
twist,IndexCurve/EUR-EURIBOR-3M/1,IndexCurve/EUR-EURIBOR-3M/1/1M,-0.00039865,0.00010000
twist,IndexCurve/EUR-EURIBOR-3M/2,IndexCurve/EUR-EURIBOR-3M/2/3M,-0.00015440,0.00010000
twist,IndexCurve/EUR-EURIBOR-3M/3,IndexCurve/EUR-EURIBOR-3M/3/6M,-0.00095888,0.00010000
twist,IndexCurve/EUR-EURIBOR-3M/4,IndexCurve/EUR-EURIBOR-3M/4/9M,-0.00129879,0.00010000
twist,IndexCurve/EUR-EURIBOR-3M/5,IndexCurve/EUR-EURIBOR-3M/5/1Y,-0.00152015,0.00010000
twist,IndexCurve/EUR-EURIBOR-3M/6,IndexCurve/EUR-EURIBOR-3M/6/2Y,-0.00179949,0.00010000
twist,IndexCurve/EUR-EURIBOR-3M/7,IndexCurve/EUR-EURIBOR-3M/7/3Y,-0.00147074,0.00010000
twist,IndexCurve/EUR-EURIBOR-3M/8,IndexCurve/EUR-EURIBOR-3M/8/4Y,-0.00079174,0.00010000
twist,IndexCurve/EUR-EURIBOR-3M/9,IndexCurve/EUR-EURIBOR-3M/9/5Y,0.00008897,0.00010000
twist,IndexCurve/EUR-EURIBOR-3M/10,IndexCurve/EUR-EURIBOR-3M/10/7Y,0.00221862,0.00010000
twist,IndexCurve/EUR-EURIBOR-3M/11,IndexCurve/EUR-EURIBOR-3M/11/10Y,0.00572860,0.00010000
twist,IndexCurve/EUR-EURIBOR-3M/12,IndexCurve/EUR-EURIBOR-3M/12/15Y,0.00938779,0.00010000
twist,IndexCurve/EUR-EURIBOR-3M/13,IndexCurve/EUR-EURIBOR-3M/13/20Y,0.01062757,0.00010000
twist,IndexCurve/EUR-EURIBOR-3M/14,IndexCurve/EUR-EURIBOR-3M/14/25Y,0.01120019,0.00010000
twist,IndexCurve/EUR-EURIBOR-3M/15,IndexCurve/EUR-EURIBOR-3M/15/30Y,0.01108177,0.00010000
twist,IndexCurve/EUR-EURIBOR-6M/0,IndexCurve/EUR-EURIBOR-6M/0/2W,0.00024940,0.00010000
twist,IndexCurve/EUR-EURIBOR-6M/1,IndexCurve/EUR-EURIBOR-6M/1/1M,0.00024940,0.00010000
twist,IndexCurve/EUR-EURIBOR-6M/2,IndexCurve/EUR-EURIBOR-6M/2/3M,0.00024940,0.00010000
twist,IndexCurve/EUR-EURIBOR-6M/3,IndexCurve/EUR-EURIBOR-6M/3/6M,0.00024940,0.00010000
twist,IndexCurve/EUR-EURIBOR-6M/4,IndexCurve/EUR-EURIBOR-6M/4/9M,-0.00005620,0.00010000
twist,IndexCurve/EUR-EURIBOR-6M/5,IndexCurve/EUR-EURIBOR-6M/5/1Y,-0.00021857,0.00010000
twist,IndexCurve/EUR-EURIBOR-6M/6,IndexCurve/EUR-EURIBOR-6M/6/2Y,-0.00046003,0.00010000
twist,IndexCurve/EUR-EURIBOR-6M/7,IndexCurve/EUR-EURIBOR-6M/7/3Y,-0.00015848,0.00010000
twist,IndexCurve/EUR-EURIBOR-6M/8,IndexCurve/EUR-EURIBOR-6M/8/4Y,0.00061740,0.00010000
twist,IndexCurve/EUR-EURIBOR-6M/9,IndexCurve/EUR-EURIBOR-6M/9/5Y,0.00150470,0.00010000
twist,IndexCurve/EUR-EURIBOR-6M/10,IndexCurve/EUR-EURIBOR-6M/10/7Y,0.00367027,0.00010000
twist,IndexCurve/EUR-EURIBOR-6M/11,IndexCurve/EUR-EURIBOR-6M/11/10Y,0.00696965,0.00010000
twist,IndexCurve/EUR-EURIBOR-6M/12,IndexCurve/EUR-EURIBOR-6M/12/15Y,0.01009624,0.00010000
twist,IndexCurve/EUR-EURIBOR-6M/13,IndexCurve/EUR-EURIBOR-6M/13/20Y,0.01144750,0.00010000
twist,IndexCurve/EUR-EURIBOR-6M/14,IndexCurve/EUR-EURIBOR-6M/14/25Y,0.01179609,0.00010000
twist,IndexCurve/EUR-EURIBOR-6M/15,IndexCurve/EUR-EURIBOR-6M/15/30Y,0.01169083,0.00010000
twist,IndexCurve/GBP-LIBOR-3M/0,IndexCurve/GBP-LIBOR-3M/0/2W,0.00594868,0.00010000
twist,IndexCurve/GBP-LIBOR-3M/1,IndexCurve/GBP-LIBOR-3M/1/1M,0.00593060,0.00010000
twist,IndexCurve/GBP-LIBOR-3M/2,IndexCurve/GBP-LIBOR-3M/2/3M,0.00671344,0.00010000
twist,IndexCurve/GBP-LIBOR-3M/3,IndexCurve/GBP-LIBOR-3M/3/6M,0.00721968,0.00010000
twist,IndexCurve/GBP-LIBOR-3M/4,IndexCurve/GBP-LIBOR-3M/4/9M,0.00738596,0.00010000
twist,IndexCurve/GBP-LIBOR-3M/5,IndexCurve/GBP-LIBOR-3M/5/1Y,0.00746865,0.00010000
twist,IndexCurve/GBP-LIBOR-3M/6,IndexCurve/GBP-LIBOR-3M/6/2Y,0.00714543,0.00010000
twist,IndexCurve/GBP-LIBOR-3M/7,IndexCurve/GBP-LIBOR-3M/7/3Y,0.00760734,0.00010000
twist,IndexCurve/GBP-LIBOR-3M/8,IndexCurve/GBP-LIBOR-3M/8/4Y,0.00818656,0.00010000
twist,IndexCurve/GBP-LIBOR-3M/9,IndexCurve/GBP-LIBOR-3M/9/5Y,0.00911584,0.00010000
twist,IndexCurve/GBP-LIBOR-3M/10,IndexCurve/GBP-LIBOR-3M/10/7Y,0.01092791,0.00010000
twist,IndexCurve/GBP-LIBOR-3M/11,IndexCurve/GBP-LIBOR-3M/11/10Y,0.01370110,0.00010000
twist,IndexCurve/GBP-LIBOR-3M/12,IndexCurve/GBP-LIBOR-3M/12/15Y,0.01586324,0.00010000
twist,IndexCurve/GBP-LIBOR-3M/13,IndexCurve/GBP-LIBOR-3M/13/20Y,0.01684198,0.00010000
twist,IndexCurve/GBP-LIBOR-3M/14,IndexCurve/GBP-LIBOR-3M/14/25Y,0.01681569,0.00010000
twist,IndexCurve/GBP-LIBOR-3M/15,IndexCurve/GBP-LIBOR-3M/15/30Y,0.01679817,0.00010000
twist,IndexCurve/GBP-LIBOR-6M/0,IndexCurve/GBP-LIBOR-6M/0/2W,0.00594868,0.00010000
twist,IndexCurve/GBP-LIBOR-6M/1,IndexCurve/GBP-LIBOR-6M/1/1M,0.00593060,0.00010000
twist,IndexCurve/GBP-LIBOR-6M/2,IndexCurve/GBP-LIBOR-6M/2/3M,0.00671344,0.00010000
twist,IndexCurve/GBP-LIBOR-6M/3,IndexCurve/GBP-LIBOR-6M/3/6M,0.00892611,0.00010000
twist,IndexCurve/GBP-LIBOR-6M/4,IndexCurve/GBP-LIBOR-6M/4/9M,0.00779806,0.00010000
twist,IndexCurve/GBP-LIBOR-6M/5,IndexCurve/GBP-LIBOR-6M/5/1Y,0.00854241,0.00010000
twist,IndexCurve/GBP-LIBOR-6M/6,IndexCurve/GBP-LIBOR-6M/6/2Y,0.00824794,0.00010000
twist,IndexCurve/GBP-LIBOR-6M/7,IndexCurve/GBP-LIBOR-6M/7/3Y,0.00866852,0.00010000
twist,IndexCurve/GBP-LIBOR-6M/8,IndexCurve/GBP-LIBOR-6M/8/4Y,0.00930850,0.00010000
twist,IndexCurve/GBP-LIBOR-6M/9,IndexCurve/GBP-LIBOR-6M/9/5Y,0.01001204,0.00010000
twist,IndexCurve/GBP-LIBOR-6M/10,IndexCurve/GBP-LIBOR-6M/10/7Y,0.01198267,0.00010000
twist,IndexCurve/GBP-LIBOR-6M/11,IndexCurve/GBP-LIBOR-6M/11/10Y,0.01458119,0.00010000
twist,IndexCurve/GBP-LIBOR-6M/12,IndexCurve/GBP-LIBOR-6M/12/15Y,0.01653995,0.00010000
twist,IndexCurve/GBP-LIBOR-6M/13,IndexCurve/GBP-LIBOR-6M/13/20Y,0.01718722,0.00010000
twist,IndexCurve/GBP-LIBOR-6M/14,IndexCurve/GBP-LIBOR-6M/14/25Y,0.01692207,0.00010000
twist,IndexCurve/GBP-LIBOR-6M/15,IndexCurve/GBP-LIBOR-6M/15/30Y,0.01698584,0.00010000
twist,IndexCurve/GBP-SONIA/0,IndexCurve/GBP-SONIA/0/2W,0.00567538,0.00010000
twist,IndexCurve/GBP-SONIA/1,IndexCurve/GBP-SONIA/1/1M,0.00572464,0.00010000
twist,IndexCurve/GBP-SONIA/2,IndexCurve/GBP-SONIA/2/3M,0.00565905,0.00010000
twist,IndexCurve/GBP-SONIA/3,IndexCurve/GBP-SONIA/3/6M,0.00544361,0.00010000
twist,IndexCurve/GBP-SONIA/4,IndexCurve/GBP-SONIA/4/9M,0.00523385,0.00010000
twist,IndexCurve/GBP-SONIA/5,IndexCurve/GBP-SONIA/5/1Y,0.00492187,0.00010000
twist,IndexCurve/GBP-SONIA/6,IndexCurve/GBP-SONIA/6/2Y,0.00465552,0.00010000
twist,IndexCurve/GBP-SONIA/7,IndexCurve/GBP-SONIA/7/3Y,0.00497075,0.00010000
twist,IndexCurve/GBP-SONIA/8,IndexCurve/GBP-SONIA/8/4Y,0.00540081,0.00010000
twist,IndexCurve/GBP-SONIA/9,IndexCurve/GBP-SONIA/9/5Y,0.00617452,0.00010000
twist,IndexCurve/GBP-SONIA/10,IndexCurve/GBP-SONIA/10/7Y,0.00803605,0.00010000
twist,IndexCurve/GBP-SONIA/11,IndexCurve/GBP-SONIA/11/10Y,0.01065155,0.00010000
twist,IndexCurve/GBP-SONIA/12,IndexCurve/GBP-SONIA/12/15Y,0.01337141,0.00010000
twist,IndexCurve/GBP-SONIA/13,IndexCurve/GBP-SONIA/13/20Y,0.01428799,0.00010000
twist,IndexCurve/GBP-SONIA/14,IndexCurve/GBP-SONIA/14/25Y,0.01462375,0.00010000
twist,IndexCurve/GBP-SONIA/15,IndexCurve/GBP-SONIA/15/30Y,0.01463873,0.00010000
twist,IndexCurve/USD-FedFunds/0,IndexCurve/USD-FedFunds/0/2W,0.00452404,0.00010000
twist,IndexCurve/USD-FedFunds/1,IndexCurve/USD-FedFunds/1/1M,0.00452149,0.00010000
twist,IndexCurve/USD-FedFunds/2,IndexCurve/USD-FedFunds/2/3M,0.00488930,0.00010000
twist,IndexCurve/USD-FedFunds/3,IndexCurve/USD-FedFunds/3/6M,0.00527728,0.00010000
twist,IndexCurve/USD-FedFunds/4,IndexCurve/USD-FedFunds/4/9M,0.00551406,0.00010000
twist,IndexCurve/USD-FedFunds/5,IndexCurve/USD-FedFunds/5/1Y,0.00565871,0.00010000
twist,IndexCurve/USD-FedFunds/6,IndexCurve/USD-FedFunds/6/2Y,0.00647964,0.00010000
twist,IndexCurve/USD-FedFunds/7,IndexCurve/USD-FedFunds/7/3Y,0.00716360,0.00010000
twist,IndexCurve/USD-FedFunds/8,IndexCurve/USD-FedFunds/8/4Y,0.00834192,0.00010000
twist,IndexCurve/USD-FedFunds/9,IndexCurve/USD-FedFunds/9/5Y,0.00937218,0.00010000
twist,IndexCurve/USD-FedFunds/10,IndexCurve/USD-FedFunds/10/7Y,0.01119194,0.00010000
twist,IndexCurve/USD-FedFunds/11,IndexCurve/USD-FedFunds/11/10Y,0.01358078,0.00010000
twist,IndexCurve/USD-FedFunds/12,IndexCurve/USD-FedFunds/12/15Y,0.01649948,0.00010000
twist,IndexCurve/USD-FedFunds/13,IndexCurve/USD-FedFunds/13/20Y,0.01793585,0.00010000
twist,IndexCurve/USD-FedFunds/14,IndexCurve/USD-FedFunds/14/25Y,0.01870361,0.00010000
twist,IndexCurve/USD-FedFunds/15,IndexCurve/USD-FedFunds/15/30Y,0.01898449,0.00010000
twist,IndexCurve/USD-LIBOR-3M/0,IndexCurve/USD-LIBOR-3M/0/2W,0.00634761,0.00010000
twist,IndexCurve/USD-LIBOR-3M/1,IndexCurve/USD-LIBOR-3M/1/1M,0.00721672,0.00010000
twist,IndexCurve/USD-LIBOR-3M/2,IndexCurve/USD-LIBOR-3M/2/3M,0.00811272,0.00010000
twist,IndexCurve/USD-LIBOR-3M/3,IndexCurve/USD-LIBOR-3M/3/6M,0.00809933,0.00010000
twist,IndexCurve/USD-LIBOR-3M/4,IndexCurve/USD-LIBOR-3M/4/9M,0.00829092,0.00010000
twist,IndexCurve/USD-LIBOR-3M/5,IndexCurve/USD-LIBOR-3M/5/1Y,0.00852760,0.00010000
twist,IndexCurve/USD-LIBOR-3M/6,IndexCurve/USD-LIBOR-3M/6/2Y,0.00921693,0.00010000
twist,IndexCurve/USD-LIBOR-3M/7,IndexCurve/USD-LIBOR-3M/7/3Y,0.01019493,0.00010000
twist,IndexCurve/USD-LIBOR-3M/8,IndexCurve/USD-LIBOR-3M/8/4Y,0.01126676,0.00010000
twist,IndexCurve/USD-LIBOR-3M/9,IndexCurve/USD-LIBOR-3M/9/5Y,0.01237271,0.00010000
twist,IndexCurve/USD-LIBOR-3M/10,IndexCurve/USD-LIBOR-3M/10/7Y,0.01436923,0.00010000
twist,IndexCurve/USD-LIBOR-3M/11,IndexCurve/USD-LIBOR-3M/11/10Y,0.01691046,0.00010000
twist,IndexCurve/USD-LIBOR-3M/12,IndexCurve/USD-LIBOR-3M/12/15Y,0.01959010,0.00010000
twist,IndexCurve/USD-LIBOR-3M/13,IndexCurve/USD-LIBOR-3M/13/20Y,0.02105603,0.00010000
twist,IndexCurve/USD-LIBOR-3M/14,IndexCurve/USD-LIBOR-3M/14/25Y,0.02173138,0.00010000
twist,IndexCurve/USD-LIBOR-3M/15,IndexCurve/USD-LIBOR-3M/15/30Y,0.02222714,0.00010000
twist,IndexCurve/USD-LIBOR-6M/0,IndexCurve/USD-LIBOR-6M/0/2W,0.00634761,0.00010000
twist,IndexCurve/USD-LIBOR-6M/1,IndexCurve/USD-LIBOR-6M/1/1M,0.00721672,0.00010000
twist,IndexCurve/USD-LIBOR-6M/2,IndexCurve/USD-LIBOR-6M/2/3M,0.00811272,0.00010000
twist,IndexCurve/USD-LIBOR-6M/3,IndexCurve/USD-LIBOR-6M/3/6M,0.00809101,0.00010000
twist,IndexCurve/USD-LIBOR-6M/4,IndexCurve/USD-LIBOR-6M/4/9M,0.00862242,0.00010000
twist,IndexCurve/USD-LIBOR-6M/5,IndexCurve/USD-LIBOR-6M/5/1Y,0.00890329,0.00010000
twist,IndexCurve/USD-LIBOR-6M/6,IndexCurve/USD-LIBOR-6M/6/2Y,0.00770981,0.00010000
twist,IndexCurve/USD-LIBOR-6M/7,IndexCurve/USD-LIBOR-6M/7/3Y,0.00883154,0.00010000
twist,IndexCurve/USD-LIBOR-6M/8,IndexCurve/USD-LIBOR-6M/8/4Y,0.00996703,0.00010000
twist,IndexCurve/USD-LIBOR-6M/9,IndexCurve/USD-LIBOR-6M/9/5Y,0.01114338,0.00010000
twist,IndexCurve/USD-LIBOR-6M/10,IndexCurve/USD-LIBOR-6M/10/7Y,0.01327248,0.00010000
twist,IndexCurve/USD-LIBOR-6M/11,IndexCurve/USD-LIBOR-6M/11/10Y,0.01566421,0.00010000
twist,IndexCurve/USD-LIBOR-6M/12,IndexCurve/USD-LIBOR-6M/12/15Y,0.01839168,0.00010000
twist,IndexCurve/USD-LIBOR-6M/13,IndexCurve/USD-LIBOR-6M/13/20Y,0.01980323,0.00010000
twist,IndexCurve/USD-LIBOR-6M/14,IndexCurve/USD-LIBOR-6M/14/25Y,0.02051213,0.00010000
twist,IndexCurve/USD-LIBOR-6M/15,IndexCurve/USD-LIBOR-6M/15/30Y,0.02104213,0.00010000
twist,SwaptionVolatility/EUR/0,SwaptionVolatility/EUR/0/1Y/1Y/ATM,0.00000000,0.00000000
twist,SwaptionVolatility/EUR/1,SwaptionVolatility/EUR/1/1Y/5Y/ATM,0.00000000,0.00000000
twist,SwaptionVolatility/EUR/2,SwaptionVolatility/EUR/2/1Y/10Y/ATM,0.00000000,0.00000000
twist,SwaptionVolatility/EUR/3,SwaptionVolatility/EUR/3/5Y/1Y/ATM,0.00000000,0.00000000
twist,SwaptionVolatility/EUR/4,SwaptionVolatility/EUR/4/5Y/5Y/ATM,0.00000000,0.00000000
twist,SwaptionVolatility/EUR/5,SwaptionVolatility/EUR/5/5Y/10Y/ATM,0.00000000,0.00000000
twist,SwaptionVolatility/EUR/6,SwaptionVolatility/EUR/6/7Y/1Y/ATM,0.00000000,0.00000000
twist,SwaptionVolatility/EUR/7,SwaptionVolatility/EUR/7/7Y/5Y/ATM,0.00000000,0.00000000
twist,SwaptionVolatility/EUR/8,SwaptionVolatility/EUR/8/7Y/10Y/ATM,0.00000000,0.00000000
twist,SwaptionVolatility/EUR/9,SwaptionVolatility/EUR/9/10Y/1Y/ATM,0.00000000,0.00000000
twist,SwaptionVolatility/EUR/10,SwaptionVolatility/EUR/10/10Y/5Y/ATM,0.00000000,0.00000000
twist,SwaptionVolatility/EUR/11,SwaptionVolatility/EUR/11/10Y/10Y/ATM,0.00000000,0.00000000
twist,OptionletVolatility/EUR/0,OptionletVolatility/EUR/0/1Y/0.01,0.00000000,0.00000000
twist,OptionletVolatility/EUR/1,OptionletVolatility/EUR/1/1Y/0.02,0.00000000,0.00000000
twist,OptionletVolatility/EUR/2,OptionletVolatility/EUR/2/1Y/0.03,0.00000000,0.00000000
twist,OptionletVolatility/EUR/3,OptionletVolatility/EUR/3/1Y/0.04,0.00000000,0.00000000
twist,OptionletVolatility/EUR/4,OptionletVolatility/EUR/4/1Y/0.05,0.00000000,0.00000000
twist,OptionletVolatility/EUR/5,OptionletVolatility/EUR/5/2Y/0.01,0.00000000,0.00000000
twist,OptionletVolatility/EUR/6,OptionletVolatility/EUR/6/2Y/0.02,0.00000000,0.00000000
twist,OptionletVolatility/EUR/7,OptionletVolatility/EUR/7/2Y/0.03,0.00000000,0.00000000
twist,OptionletVolatility/EUR/8,OptionletVolatility/EUR/8/2Y/0.04,0.00534611,0.00010000
twist,OptionletVolatility/EUR/9,OptionletVolatility/EUR/9/2Y/0.05,0.00766484,0.00010000
twist,OptionletVolatility/EUR/10,OptionletVolatility/EUR/10/3Y/0.01,0.00980603,0.00010000
twist,OptionletVolatility/EUR/11,OptionletVolatility/EUR/11/3Y/0.02,0.01173007,0.00010000
twist,OptionletVolatility/EUR/12,OptionletVolatility/EUR/12/3Y/0.03,0.01357076,0.00010000
twist,OptionletVolatility/EUR/13,OptionletVolatility/EUR/13/3Y/0.04,0.00000000,0.00000000
twist,OptionletVolatility/EUR/14,OptionletVolatility/EUR/14/3Y/0.05,0.00000000,0.00000000
twist,OptionletVolatility/EUR/15,OptionletVolatility/EUR/15/5Y/0.01,0.00534417,0.00010000
twist,OptionletVolatility/EUR/16,OptionletVolatility/EUR/16/5Y/0.02,0.00725094,0.00010000
twist,OptionletVolatility/EUR/17,OptionletVolatility/EUR/17/5Y/0.03,0.00909212,0.00010000
twist,OptionletVolatility/EUR/18,OptionletVolatility/EUR/18/5Y/0.04,0.01081967,0.00010000
twist,OptionletVolatility/EUR/19,OptionletVolatility/EUR/19/5Y/0.05,0.01244154,0.00010000
twist,OptionletVolatility/EUR/20,OptionletVolatility/EUR/20/7Y/0.01,0.00000000,0.00000000
twist,OptionletVolatility/EUR/21,OptionletVolatility/EUR/21/7Y/0.02,0.00000000,0.00000000
twist,OptionletVolatility/EUR/22,OptionletVolatility/EUR/22/7Y/0.03,0.00581074,0.00010000
twist,OptionletVolatility/EUR/23,OptionletVolatility/EUR/23/7Y/0.04,0.00728152,0.00010000
twist,OptionletVolatility/EUR/24,OptionletVolatility/EUR/24/7Y/0.05,0.00884170,0.00010000
twist,OptionletVolatility/EUR/25,OptionletVolatility/EUR/25/10Y/0.01,0.01037222,0.00010000
twist,OptionletVolatility/EUR/26,OptionletVolatility/EUR/26/10Y/0.02,0.01181773,0.00010000
twist,OptionletVolatility/EUR/27,OptionletVolatility/EUR/27/10Y/0.03,0.00000000,0.00000000
twist,OptionletVolatility/EUR/28,OptionletVolatility/EUR/28/10Y/0.04,0.00000000,0.00000000
twist,OptionletVolatility/EUR/29,OptionletVolatility/EUR/29/10Y/0.05,0.00664157,0.00010000
twist,OptionletVolatility/EUR/30,na,0.00748680,0.00010000
twist,OptionletVolatility/EUR/31,na,0.00856031,0.00010000
twist,OptionletVolatility/EUR/32,na,0.00968728,0.00010000
twist,OptionletVolatility/EUR/33,na,0.01079943,0.00010000
twist,OptionletVolatility/EUR/36,na,0.00656076,0.00010000
twist,OptionletVolatility/EUR/37,na,0.00713130,0.00010000
twist,OptionletVolatility/EUR/38,na,0.00788891,0.00010000
twist,OptionletVolatility/EUR/39,na,0.00876729,0.00010000
twist,OptionletVolatility/EUR/40,na,0.00972507,0.00010000
twist,OptionletVolatility/EUR/43,na,0.00636231,0.00010000
twist,OptionletVolatility/EUR/44,na,0.00658588,0.00010000
twist,OptionletVolatility/EUR/45,na,0.00694944,0.00010000
twist,OptionletVolatility/EUR/46,na,0.00733740,0.00010000
twist,OptionletVolatility/EUR/47,na,0.00774580,0.00010000
twist,OptionletVolatility/USD/0,OptionletVolatility/USD/0/1Y/0.01,0.00000000,0.00000000
twist,OptionletVolatility/USD/1,OptionletVolatility/USD/1/1Y/0.02,0.00000000,0.00000000
twist,OptionletVolatility/USD/2,OptionletVolatility/USD/2/1Y/0.03,0.00000000,0.00000000
twist,OptionletVolatility/USD/3,OptionletVolatility/USD/3/1Y/0.04,0.00000000,0.00000000
twist,OptionletVolatility/USD/4,OptionletVolatility/USD/4/1Y/0.05,0.00000000,0.00000000
twist,OptionletVolatility/USD/5,OptionletVolatility/USD/5/2Y/0.01,0.00000000,0.00000000
twist,OptionletVolatility/USD/6,OptionletVolatility/USD/6/2Y/0.02,0.00000000,0.00000000
twist,OptionletVolatility/USD/7,OptionletVolatility/USD/7/2Y/0.03,0.00000000,0.00000000
twist,OptionletVolatility/USD/8,OptionletVolatility/USD/8/2Y/0.04,0.00477151,0.00010000
twist,OptionletVolatility/USD/9,OptionletVolatility/USD/9/2Y/0.05,0.00623775,0.00010000
twist,OptionletVolatility/USD/10,OptionletVolatility/USD/10/3Y/0.01,0.00767746,0.00010000
twist,OptionletVolatility/USD/11,OptionletVolatility/USD/11/3Y/0.02,0.00922984,0.00010000
twist,OptionletVolatility/USD/12,OptionletVolatility/USD/12/3Y/0.03,0.01082693,0.00010000
twist,OptionletVolatility/USD/13,OptionletVolatility/USD/13/3Y/0.04,0.00000000,0.00000000
twist,OptionletVolatility/USD/14,OptionletVolatility/USD/14/3Y/0.05,0.00000000,0.00000000
twist,OptionletVolatility/USD/15,OptionletVolatility/USD/15/5Y/0.01,0.00619499,0.00010000
twist,OptionletVolatility/USD/16,OptionletVolatility/USD/16/5Y/0.02,0.00739686,0.00010000
twist,OptionletVolatility/USD/17,OptionletVolatility/USD/17/5Y/0.03,0.00847082,0.00010000
twist,OptionletVolatility/USD/18,OptionletVolatility/USD/18/5Y/0.04,0.00970390,0.00010000
twist,OptionletVolatility/USD/19,OptionletVolatility/USD/19/5Y/0.05,0.01127724,0.00010000
twist,OptionletVolatility/USD/20,OptionletVolatility/USD/20/7Y/0.01,0.00000000,0.00000000
twist,OptionletVolatility/USD/21,OptionletVolatility/USD/21/7Y/0.02,0.00000000,0.00000000
twist,OptionletVolatility/USD/22,OptionletVolatility/USD/22/7Y/0.03,0.00745300,0.00010000
twist,OptionletVolatility/USD/23,OptionletVolatility/USD/23/7Y/0.04,0.00865814,0.00010000
twist,OptionletVolatility/USD/24,OptionletVolatility/USD/24/7Y/0.05,0.00958286,0.00010000
twist,OptionletVolatility/USD/25,OptionletVolatility/USD/25/10Y/0.01,0.01045418,0.00010000
twist,OptionletVolatility/USD/26,OptionletVolatility/USD/26/10Y/0.02,0.01191697,0.00010000
twist,OptionletVolatility/USD/27,OptionletVolatility/USD/27/10Y/0.03,0.00000000,0.00000000
twist,OptionletVolatility/USD/28,OptionletVolatility/USD/28/10Y/0.04,0.00000000,0.00000000
twist,OptionletVolatility/USD/29,OptionletVolatility/USD/29/10Y/0.05,0.00882702,0.00010000
twist,OptionletVolatility/USD/30,na,0.00921438,0.00010000
twist,OptionletVolatility/USD/31,na,0.00950705,0.00010000
twist,OptionletVolatility/USD/32,na,0.00958685,0.00010000
twist,OptionletVolatility/USD/33,na,0.01047862,0.00010000
twist,OptionletVolatility/USD/36,na,0.00821612,0.00010000
twist,OptionletVolatility/USD/37,na,0.00845461,0.00010000
twist,OptionletVolatility/USD/38,na,0.00863428,0.00010000
twist,OptionletVolatility/USD/39,na,0.00861494,0.00010000
twist,OptionletVolatility/USD/40,na,0.00932890,0.00010000
twist,OptionletVolatility/USD/43,na,0.00737507,0.00010000
twist,OptionletVolatility/USD/44,na,0.00782218,0.00010000
twist,OptionletVolatility/USD/45,na,0.00795203,0.00010000
twist,OptionletVolatility/USD/46,na,0.00802503,0.00010000
twist,OptionletVolatility/USD/47,na,0.00883506,0.00010000
twist,FXSpot/GBPEUR/0,FXSpot/GBPEUR/0/spot,1.23162113,0.01231621
twist,FXSpot/USDEUR/0,FXSpot/USDEUR/0/spot,0.88312932,0.00883129
twist,FXVolatility/GBPEUR/0,FXVolatility/GBPEUR/0/1Y/ATM,0.00000000,0.00000000
twist,FXVolatility/GBPEUR/1,FXVolatility/GBPEUR/1/2Y/ATM,0.12978970,0.00129790
twist,FXVolatility/GBPEUR/2,FXVolatility/GBPEUR/2/3Y/ATM,0.12923000,0.00129230
twist,FXVolatility/GBPEUR/3,FXVolatility/GBPEUR/3/5Y/ATM,0.13047157,0.00130472
twist,FXVolatility/GBPEUR/5,na,0.13145800,0.00131458
twist,FXVolatility/USDEUR/0,FXVolatility/USDEUR/0/1Y/ATM,0.00000000,0.00000000
twist,FXVolatility/USDEUR/1,FXVolatility/USDEUR/1/2Y/ATM,0.12082812,0.00120828
twist,FXVolatility/USDEUR/2,FXVolatility/USDEUR/2/3Y/ATM,0.12046500,0.00120465
twist,FXVolatility/USDEUR/3,FXVolatility/USDEUR/3/5Y/ATM,0.12299300,0.00122993
twist,FXVolatility/USDEUR/5,na,0.13075337,0.00130753
twist,EquitySpot/FTSE/0,EquitySpot/FTSE/0/spot,7517.71000000,75.17710000
twist,EquitySpot/SPX/0,EquitySpot/SPX/0/spot,2415.07000000,24.15070000
twist,EquityVolatility/FTSE/0,EquityVolatility/FTSE/0/2W/ATM,0.25140000,0.01000000
twist,EquityVolatility/FTSE/1,EquityVolatility/FTSE/1/1M/ATM,0.25140000,0.01000000
twist,EquityVolatility/FTSE/2,EquityVolatility/FTSE/2/3M/ATM,0.25140000,0.01000000
twist,EquityVolatility/FTSE/3,EquityVolatility/FTSE/3/6M/ATM,0.25140000,0.01000000
twist,EquityVolatility/FTSE/4,EquityVolatility/FTSE/4/1Y/ATM,0.25140000,0.01000000
twist,EquityVolatility/FTSE/5,EquityVolatility/FTSE/5/2Y/ATM,0.25140000,0.01000000
twist,EquityVolatility/FTSE/6,EquityVolatility/FTSE/6/3Y/ATM,0.25140000,0.01000000
twist,EquityVolatility/FTSE/7,EquityVolatility/FTSE/7/5Y/ATM,0.25140000,0.01000000
twist,EquityVolatility/FTSE/8,EquityVolatility/FTSE/8/10Y/ATM,0.25140000,0.01000000
twist,EquityVolatility/FTSE/9,EquityVolatility/FTSE/9/15Y/ATM,0.25140000,0.01000000
twist,EquityVolatility/FTSE/10,EquityVolatility/FTSE/10/20Y/ATM,0.25140000,0.01000000
twist,EquityVolatility/FTSE/11,EquityVolatility/FTSE/11/30Y/ATM,0.25140000,0.01000000
twist,EquityVolatility/SPX/0,EquityVolatility/SPX/0/2W/ATM,0.25140000,0.01000000
twist,EquityVolatility/SPX/1,EquityVolatility/SPX/1/1M/ATM,0.25140000,0.01000000
twist,EquityVolatility/SPX/2,EquityVolatility/SPX/2/3M/ATM,0.25140000,0.01000000
twist,EquityVolatility/SPX/3,EquityVolatility/SPX/3/6M/ATM,0.25140000,0.01000000
twist,EquityVolatility/SPX/4,EquityVolatility/SPX/4/1Y/ATM,0.25140000,0.01000000
twist,EquityVolatility/SPX/5,EquityVolatility/SPX/5/2Y/ATM,0.25140000,0.01000000
twist,EquityVolatility/SPX/6,EquityVolatility/SPX/6/3Y/ATM,0.25140000,0.01000000
twist,EquityVolatility/SPX/7,EquityVolatility/SPX/7/5Y/ATM,0.25140000,0.01000000
twist,EquityVolatility/SPX/8,EquityVolatility/SPX/8/10Y/ATM,0.25140000,0.01000000
twist,EquityVolatility/SPX/9,EquityVolatility/SPX/9/15Y/ATM,0.25140000,0.01000000
twist,EquityVolatility/SPX/10,EquityVolatility/SPX/10/20Y/ATM,0.25140000,0.01000000
twist,EquityVolatility/SPX/11,EquityVolatility/SPX/11/30Y/ATM,0.25140000,0.01000000
twist,SurvivalProbability/CPTY_1/0,SurvivalProbability/CPTY_1/0/6M,0.01000000,0.00010000
twist,SurvivalProbability/CPTY_1/1,SurvivalProbability/CPTY_1/1/1Y,0.01000000,0.00010000
twist,SurvivalProbability/CPTY_1/2,SurvivalProbability/CPTY_1/2/2Y,0.01000000,0.00010000
twist,SurvivalProbability/CPTY_1/3,SurvivalProbability/CPTY_1/3/3Y,0.01000000,0.00010000
twist,SurvivalProbability/CPTY_1/4,SurvivalProbability/CPTY_1/4/4Y,0.01000000,0.00010000
twist,SurvivalProbability/CPTY_1/5,SurvivalProbability/CPTY_1/5/5Y,0.01000000,0.00010000
twist,SurvivalProbability/CPTY_1/6,SurvivalProbability/CPTY_1/6/7Y,0.01000000,0.00010000
twist,SurvivalProbability/CPTY_1/7,SurvivalProbability/CPTY_1/7/10Y,0.01000000,0.00010000
twist,SurvivalProbability/CPTY_1/8,SurvivalProbability/CPTY_1/8/12Y,0.01000000,0.00010000
twist,SurvivalProbability/CPTY_1/9,SurvivalProbability/CPTY_1/9/15Y,0.01000000,0.00010000
twist,SurvivalProbability/CPTY_1/10,SurvivalProbability/CPTY_1/10/20Y,0.01000000,0.00010000
twist,SurvivalProbability/CPTY_2/0,SurvivalProbability/CPTY_2/0/6M,0.01000000,0.00010000
twist,SurvivalProbability/CPTY_2/1,SurvivalProbability/CPTY_2/1/1Y,0.01000000,0.00010000
twist,SurvivalProbability/CPTY_2/2,SurvivalProbability/CPTY_2/2/2Y,0.01000000,0.00010000
twist,SurvivalProbability/CPTY_2/3,SurvivalProbability/CPTY_2/3/3Y,0.01000000,0.00010000
twist,SurvivalProbability/CPTY_2/4,SurvivalProbability/CPTY_2/4/4Y,0.01000000,0.00010000
twist,SurvivalProbability/CPTY_2/5,SurvivalProbability/CPTY_2/5/5Y,0.01000000,0.00010000
twist,SurvivalProbability/CPTY_2/6,SurvivalProbability/CPTY_2/6/7Y,0.01000000,0.00010000
twist,SurvivalProbability/CPTY_2/7,SurvivalProbability/CPTY_2/7/10Y,0.01000000,0.00010000
twist,SurvivalProbability/CPTY_2/8,SurvivalProbability/CPTY_2/8/12Y,0.01000000,0.00010000
twist,SurvivalProbability/CPTY_2/9,SurvivalProbability/CPTY_2/9/15Y,0.01000000,0.00010000
twist,SurvivalProbability/CPTY_2/10,SurvivalProbability/CPTY_2/10/20Y,0.01000000,0.00010000
twist,SurvivalProbability/CPTY_3/0,SurvivalProbability/CPTY_3/0/6M,0.01000000,0.00010000
twist,SurvivalProbability/CPTY_3/1,SurvivalProbability/CPTY_3/1/1Y,0.01000000,0.00010000
twist,SurvivalProbability/CPTY_3/2,SurvivalProbability/CPTY_3/2/2Y,0.01000000,0.00010000
twist,SurvivalProbability/CPTY_3/3,SurvivalProbability/CPTY_3/3/3Y,0.01000000,0.00010000
twist,SurvivalProbability/CPTY_3/4,SurvivalProbability/CPTY_3/4/4Y,0.01000000,0.00010000
twist,SurvivalProbability/CPTY_3/5,SurvivalProbability/CPTY_3/5/5Y,0.01000000,0.00010000
twist,SurvivalProbability/CPTY_3/6,SurvivalProbability/CPTY_3/6/7Y,0.01000000,0.00010000
twist,SurvivalProbability/CPTY_3/7,SurvivalProbability/CPTY_3/7/10Y,0.01000000,0.00010000
twist,SurvivalProbability/CPTY_3/8,SurvivalProbability/CPTY_3/8/12Y,0.01000000,0.00010000
twist,SurvivalProbability/CPTY_3/9,SurvivalProbability/CPTY_3/9/15Y,0.01000000,0.00010000
twist,SurvivalProbability/CPTY_3/10,SurvivalProbability/CPTY_3/10/20Y,0.01000000,0.00010000
twist,CDSVolatility/CDXIG/0,CDSVolatility/CDXIG/0/3M/ATM,0.20000000,0.00200000
twist,CDSVolatility/CDXIG/1,CDSVolatility/CDXIG/1/6M/ATM,0.20000000,0.00200000
twist,CDSVolatility/CDXIG/2,CDSVolatility/CDXIG/2/1Y/ATM,0.14103443,0.00141034
twist,ZeroInflationCurve/EUHICPXT/0,ZeroInflationCurve/EUHICPXT/0/6M,0.01161966,0.00010000
twist,ZeroInflationCurve/EUHICPXT/1,ZeroInflationCurve/EUHICPXT/1/1Y,0.01161966,0.00010000
twist,ZeroInflationCurve/EUHICPXT/2,ZeroInflationCurve/EUHICPXT/2/2Y,0.00817500,0.00010000
twist,ZeroInflationCurve/EUHICPXT/3,ZeroInflationCurve/EUHICPXT/3/3Y,0.00817500,0.00010000
twist,ZeroInflationCurve/EUHICPXT/4,ZeroInflationCurve/EUHICPXT/4/5Y,0.00000000,0.00000000
twist,ZeroInflationCurve/EUHICPXT/5,ZeroInflationCurve/EUHICPXT/5/7Y,0.00837423,0.00010000
twist,ZeroInflationCurve/EUHICPXT/6,ZeroInflationCurve/EUHICPXT/6/10Y,0.00930000,0.00010000
twist,ZeroInflationCurve/EUHICPXT/7,ZeroInflationCurve/EUHICPXT/7/15Y,0.01127500,0.00010000
twist,ZeroInflationCurve/EUHICPXT/8,ZeroInflationCurve/EUHICPXT/8/20Y,0.01325000,0.00010000
twist,ZeroInflationCurve/EUHICPXT/9,ZeroInflationCurve/EUHICPXT/9/30Y,0.01427500,0.00010000
twist,ZeroInflationCurve/EUHICPXT/11,na,0.01562500,0.00010000
twist,ZeroInflationCurve/UKRPI/0,ZeroInflationCurve/UKRPI/0/6M,0.02824335,0.00010000
twist,ZeroInflationCurve/UKRPI/1,ZeroInflationCurve/UKRPI/1/1Y,0.02824335,0.00010000
twist,ZeroInflationCurve/UKRPI/2,ZeroInflationCurve/UKRPI/2/2Y,0.02942500,0.00010000
twist,ZeroInflationCurve/UKRPI/3,ZeroInflationCurve/UKRPI/3/3Y,0.02975000,0.00010000
twist,ZeroInflationCurve/UKRPI/4,ZeroInflationCurve/UKRPI/4/4Y,0.02983000,0.00010000
twist,ZeroInflationCurve/UKRPI/5,ZeroInflationCurve/UKRPI/5/5Y,0.02999859,0.00010000
twist,ZeroInflationCurve/UKRPI/6,ZeroInflationCurve/UKRPI/6/7Y,0.03008000,0.00010000
twist,ZeroInflationCurve/UKRPI/7,ZeroInflationCurve/UKRPI/7/10Y,0.03044500,0.00010000
twist,ZeroInflationCurve/UKRPI/8,ZeroInflationCurve/UKRPI/8/15Y,0.03090000,0.00010000
twist,ZeroInflationCurve/UKRPI/9,ZeroInflationCurve/UKRPI/9/20Y,0.03109000,0.00010000
twist,ZeroInflationCurve/UKRPI/10,ZeroInflationCurve/UKRPI/10/25Y,0.03107971,0.00010000
twist,ZeroInflationCurve/UKRPI/11,ZeroInflationCurve/UKRPI/11/30Y,0.03048000,0.00010000
twist,YoYInflationCurve/EUHICPXT/0,YoYInflationCurve/EUHICPXT/0/6M,0.01082049,0.00010000
twist,YoYInflationCurve/EUHICPXT/1,YoYInflationCurve/EUHICPXT/1/1Y,0.01165000,0.00010000
twist,YoYInflationCurve/EUHICPXT/2,YoYInflationCurve/EUHICPXT/2/2Y,0.01299023,0.00010000
twist,YoYInflationCurve/EUHICPXT/3,YoYInflationCurve/EUHICPXT/3/3Y,0.01395946,0.00010000
twist,YoYInflationCurve/EUHICPXT/4,YoYInflationCurve/EUHICPXT/4/4Y,0.01449465,0.00010000
twist,YoYInflationCurve/EUHICPXT/5,YoYInflationCurve/EUHICPXT/5/5Y,0.01504192,0.00010000
twist,YoYInflationCurve/EUHICPXT/6,YoYInflationCurve/EUHICPXT/6/7Y,0.01605509,0.00010000
twist,YoYInflationCurve/EUHICPXT/7,YoYInflationCurve/EUHICPXT/7/10Y,0.01788415,0.00010000
twist,YoYInflationCurve/EUHICPXT/8,YoYInflationCurve/EUHICPXT/8/15Y,0.02031124,0.00010000
twist,YoYInflationCurve/EUHICPXT/9,YoYInflationCurve/EUHICPXT/9/20Y,0.02133385,0.00010000
twist,YoYInflationCurve/EUHICPXT/10,YoYInflationCurve/EUHICPXT/10/25Y,0.02188211,0.00010000
twist,YoYInflationCurve/EUHICPXT/11,YoYInflationCurve/EUHICPXT/11/30Y,0.02140314,0.00010000
twist,SecuritySpread/SECURITY_1/0,SecuritySpread/SECURITY_1/0/spread,0.00000000,0.00010000
twist,SecuritySpread/SECURITY_2/0,SecuritySpread/SECURITY_2/0/spread,0.00000000,0.00010000
twist,SecuritySpread/SECURITY_3/0,SecuritySpread/SECURITY_3/0/spread,0.00000000,0.00010000
